2026.07.13 17:40:56 INFO  Started: Metals version 1.6.7 in folders 'C:\Users\Om Panchal\OneDrive\Pictures\ドキュメント\GitHub\75_DSA_Problems_solved' for client Visual Studio Code 1.127.0.
2026.07.13 17:40:56 INFO  Memory monitor started
2026.07.13 17:40:58 WARN  Using H2 2.4.240 which is newer than the version Flyway has been verified with. The latest verified version of H2 is 2.3.232.
2026.07.13 17:40:58 INFO  no build target found for C:\Users\Om Panchal\OneDrive\Pictures\ドキュメント\GitHub\75_DSA_Problems_solved\1.scala. Using presentation compiler with project's scala-library version: 3.3.7
2026.07.13 17:40:58 WARN  scala-cli >= 0.1.3 not found in PATH, fetching and starting a JVM-based Scala CLI
2026.07.13 17:41:09 INFO  no build target found for C:\Users\Om Panchal\OneDrive\Pictures\ドキュメント\GitHub\75_DSA_Problems_solved\1.scala. Using presentation compiler with project's scala-library version: 3.3.7
2026.07.13 17:41:09 INFO  no build target found for C:\Users\Om Panchal\OneDrive\Pictures\ドキュメント\GitHub\75_DSA_Problems_solved\1.scala. Using presentation compiler with project's scala-library version: 3.3.7
Jul 13, 2026 5:41:09 PM org.eclipse.lsp4j.jsonrpc.RemoteEndpoint handleCancellation
WARNING: Unmatched cancel notification for request id 1
Jul 13, 2026 5:41:09 PM org.eclipse.lsp4j.jsonrpc.RemoteEndpoint handleCancellation
WARNING: Unmatched cancel notification for request id 2
2026.07.13 17:41:09 INFO  no build target found for C:\Users\Om Panchal\OneDrive\Pictures\ドキュメント\GitHub\75_DSA_Problems_solved\1.scala. Using presentation compiler with project's scala-library version: 3.3.7
2026.07.13 17:41:09 INFO  no build target found for C:\Users\Om Panchal\OneDrive\Pictures\ドキュメント\GitHub\75_DSA_Problems_solved\1.scala. Using presentation compiler with project's scala-library version: 3.3.7
2026.07.13 17:41:09 WARN  no build target for: C:\Users\Om Panchal\OneDrive\Pictures\ドキュメント\GitHub\75_DSA_Problems_solved\1.scala
2026.07.13 17:41:09 WARN  no build target for: C:\Users\Om Panchal\OneDrive\Pictures\ドキュメント\GitHub\75_DSA_Problems_solved\1.scala
Jul 13, 2026 5:41:09 PM org.eclipse.lsp4j.jsonrpc.RemoteEndpoint handleCancellation
WARNING: Unmatched cancel notification for request id 10
Jul 13, 2026 5:41:09 PM org.eclipse.lsp4j.jsonrpc.RemoteEndpoint handleCancellation
WARNING: Unmatched cancel notification for request id 12
Jul 13, 2026 5:41:09 PM org.eclipse.lsp4j.jsonrpc.RemoteEndpoint handleCancellation
WARNING: Unmatched cancel notification for request id 11
2026.07.13 17:41:09 INFO  no build target found for C:\Users\Om Panchal\OneDrive\Pictures\ドキュメント\GitHub\75_DSA_Problems_solved\1.scala. Using presentation compiler with project's scala-library version: 3.3.7
2026.07.13 17:41:09 WARN  no build target for: C:\Users\Om Panchal\OneDrive\Pictures\ドキュメント\GitHub\75_DSA_Problems_solved\1.scala
Jul 13, 2026 5:41:09 PM org.eclipse.lsp4j.jsonrpc.RemoteEndpoint handleCancellation
WARNING: Unmatched cancel notification for request id 15
2026.07.13 17:41:09 INFO  no build target found for C:\Users\Om Panchal\OneDrive\Pictures\ドキュメント\GitHub\75_DSA_Problems_solved\1.scala. Using presentation compiler with project's scala-library version: 3.3.7
2026.07.13 17:41:09 INFO  no build target found for C:\Users\Om Panchal\OneDrive\Pictures\ドキュメント\GitHub\75_DSA_Problems_solved\1.scala. Using presentation compiler with project's scala-library version: 3.3.7
2026.07.13 17:41:09 INFO  no build target found for C:\Users\Om Panchal\OneDrive\Pictures\ドキュメント\GitHub\75_DSA_Problems_solved\1.scala. Using presentation compiler with project's scala-library version: 3.3.7
Jul 13, 2026 5:41:09 PM org.eclipse.lsp4j.jsonrpc.RemoteEndpoint handleCancellation
WARNING: Unmatched cancel notification for request id 17
Jul 13, 2026 5:41:10 PM org.eclipse.lsp4j.jsonrpc.RemoteEndpoint handleCancellation
WARNING: Unmatched cancel notification for request id 16
2026.07.13 17:41:09 WARN  no build target for: C:\Users\Om Panchal\OneDrive\Pictures\ドキュメント\GitHub\75_DSA_Problems_solved\1.scala
2026.07.13 17:41:09 INFO  no build target found for C:\Users\Om Panchal\OneDrive\Pictures\ドキュメント\GitHub\75_DSA_Problems_solved\1.scala. Using presentation compiler with project's scala-library version: 3.3.7
2026.07.13 17:41:09 INFO  no build target found for C:\Users\Om Panchal\OneDrive\Pictures\ドキュメント\GitHub\75_DSA_Problems_solved\1.scala. Using presentation compiler with project's scala-library version: 3.3.7
2026.07.13 17:41:10 INFO  no build target found for C:\Users\Om Panchal\OneDrive\Pictures\ドキュメント\GitHub\75_DSA_Problems_solved\1.scala. Using presentation compiler with project's scala-library version: 3.3.7
2026.07.13 17:41:10 INFO  no build target found for C:\Users\Om Panchal\OneDrive\Pictures\ドキュメント\GitHub\75_DSA_Problems_solved\1.scala. Using presentation compiler with project's scala-library version: 3.3.7
2026.07.13 17:41:10 INFO  no build target found for C:\Users\Om Panchal\OneDrive\Pictures\ドキュメント\GitHub\75_DSA_Problems_solved\1.scala. Using presentation compiler with project's scala-library version: 3.3.7
2026.07.13 17:41:10 INFO  no build target found for C:\Users\Om Panchal\OneDrive\Pictures\ドキュメント\GitHub\75_DSA_Problems_solved\1.scala. Using presentation compiler with project's scala-library version: 3.3.7
2026.07.13 17:41:10 INFO  no build target found for C:\Users\Om Panchal\OneDrive\Pictures\ドキュメント\GitHub\75_DSA_Problems_solved\1.scala. Using presentation compiler with project's scala-library version: 3.3.7
2026.07.13 17:41:10 INFO  no build target found for C:\Users\Om Panchal\OneDrive\Pictures\ドキュメント\GitHub\75_DSA_Problems_solved\1.scala. Using presentation compiler with project's scala-library version: 3.3.7
2026.07.13 17:41:10 INFO  no build target found for C:\Users\Om Panchal\OneDrive\Pictures\ドキュメント\GitHub\75_DSA_Problems_solved\1.scala. Using presentation compiler with project's scala-library version: 3.3.7
2026.07.13 17:41:10 INFO  no build target found for C:\Users\Om Panchal\OneDrive\Pictures\ドキュメント\GitHub\75_DSA_Problems_solved\1.scala. Using presentation compiler with project's scala-library version: 3.3.7
2026.07.13 17:41:10 INFO  no build target found for C:\Users\Om Panchal\OneDrive\Pictures\ドキュメント\GitHub\75_DSA_Problems_solved\1.scala. Using presentation compiler with project's scala-library version: 3.3.7
2026.07.13 17:41:10 INFO  no build target found for C:\Users\Om Panchal\OneDrive\Pictures\ドキュメント\GitHub\75_DSA_Problems_solved\1.scala. Using presentation compiler with project's scala-library version: 3.3.7
2026.07.13 17:41:12 WARN  no build target for: C:\Users\Om Panchal\OneDrive\Pictures\ドキュメント\GitHub\75_DSA_Problems_solved\1.scala
2026.07.13 17:41:13 INFO  no build target found for C:\Users\Om Panchal\OneDrive\Pictures\ドキュメント\GitHub\75_DSA_Problems_solved\1.scala. Using presentation compiler with project's scala-library version: 3.3.7
2026.07.13 17:41:14 INFO  no build target found for C:\Users\Om Panchal\OneDrive\Pictures\ドキュメント\GitHub\75_DSA_Problems_solved\1.scala. Using presentation compiler with project's scala-library version: 3.3.7
2026.07.13 17:41:21 INFO  no build target found for C:\Users\Om Panchal\OneDrive\Pictures\ドキュメント\GitHub\75_DSA_Problems_solved\1.scala. Using presentation compiler with project's scala-library version: 3.3.7
2026.07.13 17:41:21 INFO  no build target found for C:\Users\Om Panchal\OneDrive\Pictures\ドキュメント\GitHub\75_DSA_Problems_solved\1.scala. Using presentation compiler with project's scala-library version: 3.3.7
Jul 13, 2026 5:41:21 PM org.eclipse.lsp4j.jsonrpc.RemoteEndpoint handleCancellation
WARNING: Unmatched cancel notification for request id 45
Jul 13, 2026 5:41:21 PM org.eclipse.lsp4j.jsonrpc.RemoteEndpoint handleCancellation
WARNING: Unmatched cancel notification for request id 44
Jul 13, 2026 5:41:21 PM org.eclipse.lsp4j.jsonrpc.RemoteEndpoint handleCancellation
WARNING: Unmatched cancel notification for request id 46
2026.07.13 17:41:21 WARN  no build target for: C:\Users\Om Panchal\OneDrive\Pictures\ドキュメント\GitHub\75_DSA_Problems_solved\1.scala
Jul 13, 2026 5:41:21 PM org.eclipse.lsp4j.jsonrpc.RemoteEndpoint handleCancellation
WARNING: Unmatched cancel notification for request id 48
2026.07.13 17:41:21 INFO  no build target found for C:\Users\Om Panchal\OneDrive\Pictures\ドキュメント\GitHub\75_DSA_Problems_solved\1.scala. Using presentation compiler with project's scala-library version: 3.3.7
2026.07.13 17:41:21 INFO  no build target found for C:\Users\Om Panchal\OneDrive\Pictures\ドキュメント\GitHub\75_DSA_Problems_solved\1.scala. Using presentation compiler with project's scala-library version: 3.3.7
2026.07.13 17:41:21 INFO  no build target found for C:\Users\Om Panchal\OneDrive\Pictures\ドキュメント\GitHub\75_DSA_Problems_solved\1.scala. Using presentation compiler with project's scala-library version: 3.3.7
Jul 13, 2026 5:41:21 PM org.eclipse.lsp4j.jsonrpc.RemoteEndpoint handleCancellation
WARNING: Unmatched cancel notification for request id 49
Jul 13, 2026 5:41:21 PM org.eclipse.lsp4j.jsonrpc.RemoteEndpoint handleCancellation
WARNING: Unmatched cancel notification for request id 53
Jul 13, 2026 5:41:21 PM org.eclipse.lsp4j.jsonrpc.RemoteEndpoint handleCancellation
WARNING: Unmatched cancel notification for request id 52
2026.07.13 17:41:21 WARN  no build target for: C:\Users\Om Panchal\OneDrive\Pictures\ドキュメント\GitHub\75_DSA_Problems_solved\1.scala
Jul 13, 2026 5:41:21 PM org.eclipse.lsp4j.jsonrpc.RemoteEndpoint handleCancellation
WARNING: Unmatched cancel notification for request id 54
2026.07.13 17:41:21 INFO  no build target found for C:\Users\Om Panchal\OneDrive\Pictures\ドキュメント\GitHub\75_DSA_Problems_solved\1.scala. Using presentation compiler with project's scala-library version: 3.3.7
2026.07.13 17:41:21 INFO  no build target found for C:\Users\Om Panchal\OneDrive\Pictures\ドキュメント\GitHub\75_DSA_Problems_solved\1.scala. Using presentation compiler with project's scala-library version: 3.3.7
2026.07.13 17:41:21 INFO  no build target found for C:\Users\Om Panchal\OneDrive\Pictures\ドキュメント\GitHub\75_DSA_Problems_solved\1.scala. Using presentation compiler with project's scala-library version: 3.3.7
2026.07.13 17:41:22 INFO  no build target found for C:\Users\Om Panchal\OneDrive\Pictures\ドキュメント\GitHub\75_DSA_Problems_solved\1.scala. Using presentation compiler with project's scala-library version: 3.3.7
2026.07.13 17:41:21 INFO  no build target found for C:\Users\Om Panchal\OneDrive\Pictures\ドキュメント\GitHub\75_DSA_Problems_solved\1.scala. Using presentation compiler with project's scala-library version: 3.3.7
Jul 13, 2026 5:41:22 PM org.eclipse.lsp4j.jsonrpc.RemoteEndpoint handleCancellation
WARNING: Unmatched cancel notification for request id 56
Jul 13, 2026 5:41:22 PM org.eclipse.lsp4j.jsonrpc.RemoteEndpoint handleCancellation
WARNING: Unmatched cancel notification for request id 60
Jul 13, 2026 5:41:22 PM org.eclipse.lsp4j.jsonrpc.RemoteEndpoint handleCancellation
WARNING: Unmatched cancel notification for request id 57
2026.07.13 17:41:21 INFO  no build target found for C:\Users\Om Panchal\OneDrive\Pictures\ドキュメント\GitHub\75_DSA_Problems_solved\1.scala. Using presentation compiler with project's scala-library version: 3.3.7
2026.07.13 17:41:21 INFO  no build target found for C:\Users\Om Panchal\OneDrive\Pictures\ドキュメント\GitHub\75_DSA_Problems_solved\1.scala. Using presentation compiler with project's scala-library version: 3.3.7
2026.07.13 17:41:21 INFO  no build target found for C:\Users\Om Panchal\OneDrive\Pictures\ドキュメント\GitHub\75_DSA_Problems_solved\1.scala. Using presentation compiler with project's scala-library version: 3.3.7
Jul 13, 2026 5:41:22 PM org.eclipse.lsp4j.jsonrpc.RemoteEndpoint handleCancellation
WARNING: Unmatched cancel notification for request id 64
2026.07.13 17:41:21 INFO  no build target found for C:\Users\Om Panchal\OneDrive\Pictures\ドキュメント\GitHub\75_DSA_Problems_solved\1.scala. Using presentation compiler with project's scala-library version: 3.3.7
2026.07.13 17:41:21 INFO  no build target found for C:\Users\Om Panchal\OneDrive\Pictures\ドキュメント\GitHub\75_DSA_Problems_solved\1.scala. Using presentation compiler with project's scala-library version: 3.3.7
2026.07.13 17:41:21 INFO  no build target found for C:\Users\Om Panchal\OneDrive\Pictures\ドキュメント\GitHub\75_DSA_Problems_solved\1.scala. Using presentation compiler with project's scala-library version: 3.3.7
2026.07.13 17:41:21 INFO  no build target found for C:\Users\Om Panchal\OneDrive\Pictures\ドキュメント\GitHub\75_DSA_Problems_solved\1.scala. Using presentation compiler with project's scala-library version: 3.3.7
2026.07.13 17:41:21 INFO  no build target found for C:\Users\Om Panchal\OneDrive\Pictures\ドキュメント\GitHub\75_DSA_Problems_solved\1.scala. Using presentation compiler with project's scala-library version: 3.3.7
Jul 13, 2026 5:41:22 PM org.eclipse.lsp4j.jsonrpc.RemoteEndpoint handleCancellation
WARNING: Unmatched cancel notification for request id 61
Jul 13, 2026 5:41:22 PM org.eclipse.lsp4j.jsonrpc.RemoteEndpoint handleCancellation
WARNING: Unmatched cancel notification for request id 70
Jul 13, 2026 5:41:22 PM org.eclipse.lsp4j.jsonrpc.RemoteEndpoint handleCancellation
WARNING: Unmatched cancel notification for request id 50
Jul 13, 2026 5:41:22 PM org.eclipse.lsp4j.jsonrpc.RemoteEndpoint handleCancellation
WARNING: Unmatched cancel notification for request id 69
2026.07.13 17:41:22 WARN  no build target for: C:\Users\Om Panchal\OneDrive\Pictures\ドキュメント\GitHub\75_DSA_Problems_solved\1.scala
2026.07.13 17:41:22 INFO  no build target found for C:\Users\Om Panchal\OneDrive\Pictures\ドキュメント\GitHub\75_DSA_Problems_solved\1.scala. Using presentation compiler with project's scala-library version: 3.3.7
Jul 13, 2026 5:41:22 PM org.eclipse.lsp4j.jsonrpc.RemoteEndpoint handleCancellation
WARNING: Unmatched cancel notification for request id 71
2026.07.13 17:41:22 INFO  no build target found for C:\Users\Om Panchal\OneDrive\Pictures\ドキュメント\GitHub\75_DSA_Problems_solved\1.scala. Using presentation compiler with project's scala-library version: 3.3.7
2026.07.13 17:41:22 INFO  no build target found for C:\Users\Om Panchal\OneDrive\Pictures\ドキュメント\GitHub\75_DSA_Problems_solved\1.scala. Using presentation compiler with project's scala-library version: 3.3.7
2026.07.13 17:41:22 INFO  no build target found for C:\Users\Om Panchal\OneDrive\Pictures\ドキュメント\GitHub\75_DSA_Problems_solved\1.scala. Using presentation compiler with project's scala-library version: 3.3.7
2026.07.13 17:41:22 INFO  no build target found for C:\Users\Om Panchal\OneDrive\Pictures\ドキュメント\GitHub\75_DSA_Problems_solved\1.scala. Using presentation compiler with project's scala-library version: 3.3.7
2026.07.13 17:41:22 INFO  no build target found for C:\Users\Om Panchal\OneDrive\Pictures\ドキュメント\GitHub\75_DSA_Problems_solved\1.scala. Using presentation compiler with project's scala-library version: 3.3.7
Jul 13, 2026 5:41:23 PM org.eclipse.lsp4j.jsonrpc.RemoteEndpoint handleCancellation
WARNING: Unmatched cancel notification for request id 73
2026.07.13 17:41:22 INFO  no build target found for C:\Users\Om Panchal\OneDrive\Pictures\ドキュメント\GitHub\75_DSA_Problems_solved\1.scala. Using presentation compiler with project's scala-library version: 3.3.7
Jul 13, 2026 5:41:23 PM org.eclipse.lsp4j.jsonrpc.RemoteEndpoint handleCancellation
WARNING: Unmatched cancel notification for request id 77
2026.07.13 17:41:22 INFO  no build target found for C:\Users\Om Panchal\OneDrive\Pictures\ドキュメント\GitHub\75_DSA_Problems_solved\1.scala. Using presentation compiler with project's scala-library version: 3.3.7
Jul 13, 2026 5:41:23 PM org.eclipse.lsp4j.jsonrpc.RemoteEndpoint handleCancellation
WARNING: Unmatched cancel notification for request id 78
Jul 13, 2026 5:41:23 PM org.eclipse.lsp4j.jsonrpc.RemoteEndpoint handleCancellation
WARNING: Unmatched cancel notification for request id 74
Jul 13, 2026 5:41:23 PM org.eclipse.lsp4j.jsonrpc.RemoteEndpoint handleCancellation
WARNING: Unmatched cancel notification for request id 82
2026.07.13 17:41:23 INFO  no build target found for C:\Users\Om Panchal\OneDrive\Pictures\ドキュメント\GitHub\75_DSA_Problems_solved\1.scala. Using presentation compiler with project's scala-library version: 3.3.7
2026.07.13 17:41:23 WARN  no build target for: C:\Users\Om Panchal\OneDrive\Pictures\ドキュメント\GitHub\75_DSA_Problems_solved\1.scala
2026.07.13 17:41:22 INFO  no build target found for C:\Users\Om Panchal\OneDrive\Pictures\ドキュメント\GitHub\75_DSA_Problems_solved\1.scala. Using presentation compiler with project's scala-library version: 3.3.7
Jul 13, 2026 5:41:23 PM org.eclipse.lsp4j.jsonrpc.RemoteEndpoint handleCancellation
WARNING: Unmatched cancel notification for request id 79
2026.07.13 17:41:22 INFO  no build target found for C:\Users\Om Panchal\OneDrive\Pictures\ドキュメント\GitHub\75_DSA_Problems_solved\1.scala. Using presentation compiler with project's scala-library version: 3.3.7
Jul 13, 2026 5:41:23 PM org.eclipse.lsp4j.jsonrpc.RemoteEndpoint handleCancellation
WARNING: Unmatched cancel notification for request id 83
Jul 13, 2026 5:41:23 PM org.eclipse.lsp4j.jsonrpc.RemoteEndpoint handleCancellation
WARNING: Unmatched cancel notification for request id 87
Jul 13, 2026 5:41:23 PM org.eclipse.lsp4j.jsonrpc.RemoteEndpoint handleCancellation
WARNING: Unmatched cancel notification for request id 84
2026.07.13 17:41:22 WARN  no build target for: C:\Users\Om Panchal\OneDrive\Pictures\ドキュメント\GitHub\75_DSA_Problems_solved\1.scala
2026.07.13 17:41:23 INFO  no build target found for C:\Users\Om Panchal\OneDrive\Pictures\ドキュメント\GitHub\75_DSA_Problems_solved\1.scala. Using presentation compiler with project's scala-library version: 3.3.7
Jul 13, 2026 5:41:23 PM org.eclipse.lsp4j.jsonrpc.RemoteEndpoint handleCancellation
WARNING: Unmatched cancel notification for request id 88
2026.07.13 17:41:22 INFO  no build target found for C:\Users\Om Panchal\OneDrive\Pictures\ドキュメント\GitHub\75_DSA_Problems_solved\1.scala. Using presentation compiler with project's scala-library version: 3.3.7
2026.07.13 17:41:22 INFO  no build target found for C:\Users\Om Panchal\OneDrive\Pictures\ドキュメント\GitHub\75_DSA_Problems_solved\1.scala. Using presentation compiler with project's scala-library version: 3.3.7
2026.07.13 17:41:22 INFO  no build target found for C:\Users\Om Panchal\OneDrive\Pictures\ドキュメント\GitHub\75_DSA_Problems_solved\1.scala. Using presentation compiler with project's scala-library version: 3.3.7
2026.07.13 17:41:22 INFO  no build target found for C:\Users\Om Panchal\OneDrive\Pictures\ドキュメント\GitHub\75_DSA_Problems_solved\1.scala. Using presentation compiler with project's scala-library version: 3.3.7
2026.07.13 17:41:23 INFO  no build target found for C:\Users\Om Panchal\OneDrive\Pictures\ドキュメント\GitHub\75_DSA_Problems_solved\1.scala. Using presentation compiler with project's scala-library version: 3.3.7
2026.07.13 17:41:22 INFO  no build target found for C:\Users\Om Panchal\OneDrive\Pictures\ドキュメント\GitHub\75_DSA_Problems_solved\1.scala. Using presentation compiler with project's scala-library version: 3.3.7
Jul 13, 2026 5:41:23 PM org.eclipse.lsp4j.jsonrpc.RemoteEndpoint handleCancellation
WARNING: Unmatched cancel notification for request id 90
Jul 13, 2026 5:41:23 PM org.eclipse.lsp4j.jsonrpc.RemoteEndpoint handleCancellation
WARNING: Unmatched cancel notification for request id 95
2026.07.13 17:41:22 INFO  no build target found for C:\Users\Om Panchal\OneDrive\Pictures\ドキュメント\GitHub\75_DSA_Problems_solved\1.scala. Using presentation compiler with project's scala-library version: 3.3.7
2026.07.13 17:41:22 INFO  no build target found for C:\Users\Om Panchal\OneDrive\Pictures\ドキュメント\GitHub\75_DSA_Problems_solved\1.scala. Using presentation compiler with project's scala-library version: 3.3.7
2026.07.13 17:41:23 INFO  no build target found for C:\Users\Om Panchal\OneDrive\Pictures\ドキュメント\GitHub\75_DSA_Problems_solved\1.scala. Using presentation compiler with project's scala-library version: 3.3.7
Jul 13, 2026 5:41:23 PM org.eclipse.lsp4j.jsonrpc.RemoteEndpoint handleCancellation
WARNING: Unmatched cancel notification for request id 96
Jul 13, 2026 5:41:23 PM org.eclipse.lsp4j.jsonrpc.RemoteEndpoint handleCancellation
WARNING: Unmatched cancel notification for request id 100
2026.07.13 17:41:23 INFO  no build target found for C:\Users\Om Panchal\OneDrive\Pictures\ドキュメント\GitHub\75_DSA_Problems_solved\1.scala. Using presentation compiler with project's scala-library version: 3.3.7
2026.07.13 17:41:24 WARN  no build target for: C:\Users\Om Panchal\OneDrive\Pictures\ドキュメント\GitHub\75_DSA_Problems_solved\1.scala
2026.07.13 17:41:24 INFO  no build target found for C:\Users\Om Panchal\OneDrive\Pictures\ドキュメント\GitHub\75_DSA_Problems_solved\1.scala. Using presentation compiler with project's scala-library version: 3.3.7
2026.07.13 17:41:24 INFO  no build target found for C:\Users\Om Panchal\OneDrive\Pictures\ドキュメント\GitHub\75_DSA_Problems_solved\1.scala. Using presentation compiler with project's scala-library version: 3.3.7
2026.07.13 17:41:24 INFO  Running List(C:\Program Files\Java\jdk-24\bin\java.exe, -cp, C:\Users\Om Panchal\AppData\Local\Coursier\cache\v1\https\repo1.maven.org\maven2\org\virtuslab\scala-cli\cli_3\1.12.4\cli_3-1.12.4.jar;C:\Users\Om Panchal\AppData\Local\Coursier\cache\v1\https\repo1.maven.org\maven2\com\github\alexarchambault\case-app_3\2.1.0\case-app_3-2.1.0.jar;C:\Users\Om Panchal\AppData\Local\Coursier\cache\v1\https\repo1.maven.org\maven2\io\get-coursier\coursier-launcher_2.13\2.1.25-M23\coursier-launcher_2.13-2.1.25-M23.jar;C:\Users\Om Panchal\AppData\Local\Coursier\cache\v1\https\repo1.maven.org\maven2\io\get-coursier\coursier-proxy-setup\2.1.25-M23\coursier-proxy-setup-2.1.25-M23.jar;C:\Users\Om Panchal\AppData\Local\Coursier\cache\v1\https\repo1.maven.org\maven2\io\get-coursier\publish\publish_3\0.4.4\publish_3-0.4.4.jar;C:\Users\Om Panchal\AppData\Local\Coursier\cache\v1\https\repo1.maven.org\maven2\com\google\jimfs\jimfs\1.3.1\jimfs-1.3.1.jar;C:\Users\Om Panchal\AppData\Local\Coursier\cache\v1\https\repo1.maven.org\maven2\io\get-coursier\jniutils\windows-jni-utils\0.3.3\windows-jni-utils-0.3.3.jar;C:\Users\Om Panchal\AppData\Local\Coursier\cache\v1\https\repo1.maven.org\maven2\com\github\plokhotnyuk\jsoniter-scala\jsoniter-scala-core_3\2.38.8\jsoniter-scala-core_3-2.38.8.jar;C:\Users\Om Panchal\AppData\Local\Coursier\cache\v1\https\repo1.maven.org\maven2\org\virtuslab\scala-cli\libsodiumjni\0.0.4\libsodiumjni-0.0.4.jar;C:\Users\Om Panchal\AppData\Local\Coursier\cache\v1\https\repo1.maven.org\maven2\org\scalameta\metaconfig-typesafe-config_3\0.18.2\metaconfig-typesafe-config_3-0.18.2.jar;C:\Users\Om Panchal\AppData\Local\Coursier\cache\v1\https\repo1.maven.org\maven2\ai\kien\python-native-libs_3\0.2.5\python-native-libs_3-0.2.5.jar;C:\Users\Om Panchal\AppData\Local\Coursier\cache\v1\https\repo1.maven.org\maven2\org\virtuslab\scala-packager_3\0.2.1\scala-packager_3-0.2.1.jar;C:\Users\Om Panchal\AppData\Local\Coursier\cache\v1\https\repo1.maven.org\maven2\org\virtuslab\scala-cli-signing\cli_3\0.2.13\cli_3-0.2.13.jar;C:\Users\Om Panchal\AppData\Local\Coursier\cache\v1\https\repo1.maven.org\maven2\org\slf4j\slf4j-nop\2.0.17\slf4j-nop-2.0.17.jar;C:\Users\Om Panchal\AppData\Local\Coursier\cache\v1\https\repo1.maven.org\maven2\com\softwaremill\sttp\client3\core_3\3.11.0\core_3-3.11.0.jar;C:\Users\Om Panchal\AppData\Local\Coursier\cache\v1\https\repo1.maven.org\maven2\ch\epfl\scala\scalafix-interfaces\0.14.5\scalafix-interfaces-0.14.5.jar;C:\Users\Om Panchal\AppData\Local\Coursier\cache\v1\https\repo1.maven.org\maven2\org\virtuslab\scala-cli\scala3-graal_3\1.9.1\scala3-graal_3-1.9.1.jar;C:\Users\Om Panchal\AppData\Local\Coursier\cache\v1\https\repo1.maven.org\maven2\org\virtuslab\scala-cli\scala3-graal-processor_3\1.9.1\scala3-graal-processor_3-1.9.1.jar;C:\Users\Om Panchal\AppData\Local\Coursier\cache\v1\https\repo1.maven.org\maven2\org\scala-lang\scala3-library_3\3.3.7\scala3-library_3-3.3.7.jar;C:\Users\Om Panchal\AppData\Local\Coursier\cache\v1\https\repo1.maven.org\maven2\org\virtuslab\scala-cli\build-module_3\1.12.4\build-module_3-1.12.4.jar;C:\Users\Om Panchal\AppData\Local\Coursier\cache\v1\https\repo1.maven.org\maven2\org\virtuslab\scala-cli\config_3\1.12.4\config_3-1.12.4.jar;C:\Users\Om Panchal\AppData\Local\Coursier\cache\v1\https\repo1.maven.org\maven2\org\virtuslab\scala-cli\specification-level_3\1.12.4\specification-level_3-1.12.4.jar;C:\Users\Om Panchal\AppData\Local\Coursier\cache\v1\https\repo1.maven.org\maven2\com\lihaoyi\sourcecode_3\0.4.3-M5\sourcecode_3-0.4.3-M5.jar;C:\Users\Om Panchal\AppData\Local\Coursier\cache\v1\https\repo1.maven.org\maven2\com\github\alexarchambault\case-app-annotations_3\2.1.0\case-app-annotations_3-2.1.0.jar;C:\Users\Om Panchal\AppData\Local\Coursier\cache\v1\https\repo1.maven.org\maven2\com\github\alexarchambault\case-app-util_3\2.1.0\case-app-util_3-2.1.0.jar;C:\Users\Om Panchal\AppData\Local\Coursier\cache\v1\https\repo1.maven.org\maven2\io\github\alexarchambault\scala-cli\tmp\zip-input-stream\0.1.1\zip-input-stream-0.1.1.jar;C:\Users\Om Panchal\AppData\Local\Coursier\cache\v1\https\repo1.maven.org\maven2\org\scala-lang\scala-library\2.13.18\scala-library-2.13.18.jar;C:\Users\Om Panchal\AppData\Local\Coursier\cache\v1\https\repo1.maven.org\maven2\io\get-coursier\coursier-cache_2.13\2.1.25-M23\coursier-cache_2.13-2.1.25-M23.jar;C:\Users\Om Panchal\AppData\Local\Coursier\cache\v1\https\repo1.maven.org\maven2\io\get-coursier\coursier-core_2.13\2.1.25-M23\coursier-core_2.13-2.1.25-M23.jar;C:\Users\Om Panchal\AppData\Local\Coursier\cache\v1\https\repo1.maven.org\maven2\com\google\guava\guava\33.5.0-jre\guava-33.5.0-jre.jar;C:\Users\Om Panchal\AppData\Local\Coursier\cache\v1\https\repo1.maven.org\maven2\net\java\dev\jna\jna\5.17.0\jna-5.17.0.jar;C:\Users\Om Panchal\AppData\Local\Coursier\cache\v1\https\repo1.maven.org\maven2\net\java\dev\jna\jna-platform\5.12.1\jna-platform-5.12.1.jar;C:\Users\Om Panchal\AppData\Local\Coursier\cache\v1\https\repo1.maven.org\maven2\org\scalameta\metaconfig-core_3\0.18.2\metaconfig-core_3-0.18.2.jar;C:\Users\Om Panchal\AppData\Local\Coursier\cache\v1\https\repo1.maven.org\maven2\com\typesafe\config\1.4.5\config-1.4.5.jar;C:\Users\Om Panchal\AppData\Local\Coursier\cache\v1\https\repo1.maven.org\maven2\org\scala-lang\modules\scala-collection-compat_3\2.14.0\scala-collection-compat_3-2.14.0.jar;C:\Users\Om Panchal\AppData\Local\Coursier\cache\v1\https\repo1.maven.org\maven2\commons-io\commons-io\2.20.0\commons-io-2.20.0.jar;C:\Users\Om Panchal\AppData\Local\Coursier\cache\v1\https\repo1.maven.org\maven2\com\google\cloud\tools\jib-core\0.27.3\jib-core-0.27.3.jar;C:\Users\Om Panchal\AppData\Local\Coursier\cache\v1\https\repo1.maven.org\maven2\com\lihaoyi\os-lib_3\0.11.8\os-lib_3-0.11.8.jar;C:\Users\Om Panchal\AppData\Local\Coursier\cache\v1\https\repo1.maven.org\maven2\org\bouncycastle\bcpg-jdk18on\1.83\bcpg-jdk18on-1.83.jar;C:\Users\Om Panchal\AppData\Local\Coursier\cache\v1\https\repo1.maven.org\maven2\org\bouncycastle\bcutil-jdk18on\1.83\bcutil-jdk18on-1.83.jar;C:\Users\Om Panchal\AppData\Local\Coursier\cache\v1\https\repo1.maven.org\maven2\org\virtuslab\scala-cli-signing\shared_3\0.2.13\shared_3-0.2.13.jar;C:\Users\Om Panchal\AppData\Local\Coursier\cache\v1\https\repo1.maven.org\maven2\org\slf4j\slf4j-api\2.0.17\slf4j-api-2.0.17.jar;C:\Users\Om Panchal\AppData\Local\Coursier\cache\v1\https\repo1.maven.org\maven2\com\softwaremill\sttp\model\core_3\1.7.11\core_3-1.7.11.jar;C:\Users\Om Panchal\AppData\Local\Coursier\cache\v1\https\repo1.maven.org\maven2\com\softwaremill\sttp\shared\core_3\1.3.22\core_3-1.3.22.jar;C:\Users\Om Panchal\AppData\Local\Coursier\cache\v1\https\repo1.maven.org\maven2\com\softwaremill\sttp\shared\ws_3\1.3.22\ws_3-1.3.22.jar;C:\Users\Om Panchal\AppData\Local\Coursier\cache\v1\https\repo1.maven.org\maven2\io\get-coursier\interface\1.0.28\interface-1.0.28.jar;C:\Users\Om Panchal\AppData\Local\Coursier\cache\v1\https\repo1.maven.org\maven2\org\ow2\asm\asm\9.9.1\asm-9.9.1.jar;C:\Users\Om Panchal\AppData\Local\Coursier\cache\v1\https\repo1.maven.org\maven2\org\virtuslab\scala-cli\java-class-name\java-class-name_3\0.1.9\java-class-name_3-0.1.9.jar;C:\Users\Om Panchal\AppData\Local\Coursier\cache\v1\https\repo1.maven.org\maven2\org\scalameta\semanticdb-shared_2.13\4.15.2\semanticdb-shared_2.13-4.15.2.jar;C:\Users\Om Panchal\AppData\Local\Coursier\cache\v1\https\repo1.maven.org\maven2\org\scala-native\test-runner_3\0.5.10\test-runner_3-0.5.10.jar;C:\Users\Om Panchal\AppData\Local\Coursier\cache\v1\https\repo1.maven.org\maven2\com\lihaoyi\pprint_3\0.9.5\pprint_3-0.9.5.jar;C:\Users\Om Panchal\AppData\Local\Coursier\cache\v1\https\repo1.maven.org\maven2\org\scala-js\scalajs-env-nodejs_3\1.5.0\scalajs-env-nodejs_3-1.5.0.jar;C:\Users\Om Panchal\AppData\Local\Coursier\cache\v1\https\repo1.maven.org\maven2\org\scala-js\scalajs-sbt-test-adapter_2.13\1.20.2\scalajs-sbt-test-adapter_2.13-1.20.2.jar;C:\Users\Om Panchal\AppData\Local\Coursier\cache\v1\https\repo1.maven.org\maven2\com\swoval\file-tree-views\2.1.12\file-tree-views-2.1.12.jar;C:\Users\Om Panchal\AppData\Local\Coursier\cache\v1\https\repo1.maven.org\maven2\org\virtuslab\scala-cli\zip-input-stream\zip-input-stream\0.1.3\zip-input-stream-0.1.3.jar;C:\Users\Om Panchal\AppData\Local\Coursier\cache\v1\https\repo1.maven.org\maven2\org\virtuslab\scala-cli\options_3\1.12.4\options_3-1.12.4.jar;C:\Users\Om Panchal\AppData\Local\Coursier\cache\v1\https\repo1.maven.org\maven2\org\virtuslab\scala-cli\directives_3\1.12.4\directives_3-1.12.4.jar;C:\Users\Om Panchal\AppData\Local\Coursier\cache\v1\https\repo1.maven.org\maven2\org\virtuslab\scala-cli\scala-cli-bsp\1.12.4\scala-cli-bsp-1.12.4.jar;C:\Users\Om Panchal\AppData\Local\Coursier\cache\v1\https\repo1.maven.org\maven2\org\virtuslab\scala-cli\test-runner_3\1.12.4\test-runner_3-1.12.4.jar;C:\Users\Om Panchal\AppData\Local\Coursier\cache\v1\https\repo1.maven.org\maven2\org\virtuslab\scala-cli\tasty-lib_3\1.12.4\tasty-lib_3-1.12.4.jar;C:\Users\Om Panchal\AppData\Local\Coursier\cache\v1\https\repo1.maven.org\maven2\io\github\alexarchambault\windows-ansi\windows-ansi\0.0.6\windows-ansi-0.0.6.jar;C:\Users\Om Panchal\AppData\Local\Coursier\cache\v1\https\repo1.maven.org\maven2\io\get-coursier\cache-util\2.1.25-M23\cache-util-2.1.25-M23.jar;C:\Users\Om Panchal\AppData\Local\Coursier\cache\v1\https\repo1.maven.org\maven2\io\get-coursier\coursier-paths\2.1.25-M23\coursier-paths-2.1.25-M23.jar;C:\Users\Om Panchal\AppData\Local\Coursier\cache\v1\https\repo1.maven.org\maven2\io\get-coursier\coursier-util_2.13\2.1.25-M23\coursier-util_2.13-2.1.25-M23.jar;C:\Users\Om Panchal\AppData\Local\Coursier\cache\v1\https\repo1.maven.org\maven2\io\get-coursier\versions_2.13\0.5.1\versions_2.13-0.5.1.jar;C:\Users\Om Panchal\AppData\Local\Coursier\cache\v1\https\repo1.maven.org\maven2\io\github\alexarchambault\concurrent-reference-hash-map\1.1.0\concurrent-reference-hash-map-1.1.0.jar;C:\Users\Om Panchal\AppData\Local\Coursier\cache\v1\https\repo1.maven.org\maven2\org\scala-lang\modules\scala-xml_2.13\2.4.0\scala-xml_2.13-2.4.0.jar;C:\Users\Om Panchal\AppData\Local\Coursier\cache\v1\https\repo1.maven.org\maven2\com\google\guava\failureaccess\1.0.3\failureaccess-1.0.3.jar;C:\Users\Om Panchal\AppData\Local\Coursier\cache\v1\https\repo1.maven.org\maven2\com\google\guava\listenablefuture\9999.0-empty-to-avoid-conflict-with-guava\listenablefuture-9999.0-empty-to-avoid-conflict-with-guava.jar;C:\Users\Om Panchal\AppData\Local\Coursier\cache\v1\https\repo1.maven.org\maven2\org\jspecify\jspecify\1.0.0\jspecify-1.0.0.jar;C:\Users\Om Panchal\AppData\Local\Coursier\cache\v1\https\repo1.maven.org\maven2\com\google\errorprone\error_prone_annotations\2.41.0\error_prone_annotations-2.41.0.jar;C:\Users\Om Panchal\AppData\Local\Coursier\cache\v1\https\repo1.maven.org\maven2\com\google\j2objc\j2objc-annotations\3.1\j2objc-annotations-3.1.jar;C:\Users\Om Panchal\AppData\Local\Coursier\cache\v1\https\repo1.maven.org\maven2\org\scalameta\metaconfig-pprint_3\0.18.2\metaconfig-pprint_3-0.18.2.jar;C:\Users\Om Panchal\AppData\Local\Coursier\cache\v1\https\repo1.maven.org\maven2\org\typelevel\paiges-core_3\0.4.4\paiges-core_3-0.4.4.jar;C:\Users\Om Panchal\AppData\Local\Coursier\cache\v1\https\repo1.maven.org\maven2\org\scala-lang\scala-reflect\2.13.18\scala-reflect-2.13.18.jar;C:\Users\Om Panchal\AppData\Local\Coursier\cache\v1\https\repo1.maven.org\maven2\com\google\cloud\tools\jib-build-plan\0.4.0\jib-build-plan-0.4.0.jar;C:\Users\Om Panchal\AppData\Local\Coursier\cache\v1\https\repo1.maven.org\maven2\com\google\http-client\google-http-client\1.42.2\google-http-client-1.42.2.jar;C:\Users\Om Panchal\AppData\Local\Coursier\cache\v1\https\repo1.maven.org\maven2\com\google\http-client\google-http-client-apache-v2\1.42.2\google-http-client-apache-v2-1.42.2.jar;C:\Users\Om Panchal\AppData\Local\Coursier\cache\v1\https\repo1.maven.org\maven2\com\google\auth\google-auth-library-oauth2-http\1.10.0\google-auth-library-oauth2-http-1.10.0.jar;C:\Users\Om Panchal\AppData\Local\Coursier\cache\v1\https\repo1.maven.org\maven2\org\apache\commons\commons-compress\1.28.0\commons-compress-1.28.0.jar;C:\Users\Om Panchal\AppData\Local\Coursier\cache\v1\https\repo1.maven.org\maven2\com\fasterxml\jackson\core\jackson-databind\2.15.2\jackson-databind-2.15.2.jar;C:\Users\Om Panchal\AppData\Local\Coursier\cache\v1\https\repo1.maven.org\maven2\com\fasterxml\jackson\datatype\jackson-datatype-jsr310\2.15.2\jackson-datatype-jsr310-2.15.2.jar;C:\Users\Om Panchal\AppData\Local\Coursier\cache\v1\https\repo1.maven.org\maven2\com\lihaoyi\geny_3\1.1.1\geny_3-1.1.1.jar;C:\Users\Om Panchal\AppData\Local\Coursier\cache\v1\https\repo1.maven.org\maven2\com\lihaoyi\os-zip\0.11.8\os-zip-0.11.8.jar;C:\Users\Om Panchal\AppData\Local\Coursier\cache\v1\https\repo1.maven.org\maven2\org\bouncycastle\bcprov-jdk18on\1.83\bcprov-jdk18on-1.83.jar;C:\Users\Om Panchal\AppData\Local\Coursier\cache\v1\https\repo1.maven.org\maven2\org\jline\jline-terminal-jni\3.25.0\jline-terminal-jni-3.25.0.jar;C:\Users\Om Panchal\AppData\Local\Coursier\cache\v1\https\repo1.maven.org\maven2\org\jline\jline-native\3.25.0\jline-native-3.25.0.jar;C:\Users\Om Panchal\AppData\Local\Coursier\cache\v1\https\repo1.maven.org\maven2\org\scala-lang\scala3-compiler_3\3.3.7\scala3-compiler_3-3.3.7.jar;C:\Users\Om Panchal\AppData\Local\Coursier\cache\v1\https\repo1.maven.org\maven2\org\scalameta\scalameta_2.13\4.15.2\scalameta_2.13-4.15.2.jar;C:\Users\Om Panchal\AppData\Local\Coursier\cache\v1\https\repo1.maven.org\maven2\org\scala-lang\scalap\2.13.15\scalap-2.13.15.jar;C:\Users\Om Panchal\AppData\Local\Coursier\cache\v1\https\repo1.maven.org\maven2\com\thesamet\scalapb\scalapb-runtime_2.13\0.11.17\scalapb-runtime_2.13-0.11.17.jar;C:\Users\Om Panchal\AppData\Local\Coursier\cache\v1\https\repo1.maven.org\maven2\org\scala-native\tools_3\0.5.10\tools_3-0.5.10.jar;C:\Users\Om Panchal\AppData\Local\Coursier\cache\v1\https\repo1.maven.org\maven2\org\scala-sbt\test-interface\1.0\test-interface-1.0.jar;C:\Users\Om Panchal\AppData\Local\Coursier\cache\v1\https\repo1.maven.org\maven2\com\lihaoyi\fansi_3\0.5.1\fansi_3-0.5.1.jar;C:\Users\Om Panchal\AppData\Local\Coursier\cache\v1\https\repo1.maven.org\maven2\org\scala-js\scalajs-js-envs_3\1.5.0\scalajs-js-envs_3-1.5.0.jar;C:\Users\Om Panchal\AppData\Local\Coursier\cache\v1\https\repo1.maven.org\maven2\ch\epfl\scala\bloop-config_2.13\2.3.3\bloop-config_2.13-2.3.3.jar;C:\Users\Om Panchal\AppData\Local\Coursier\cache\v1\https\repo1.maven.org\maven2\org\virtuslab\scala-cli\core_3\1.12.4\core_3-1.12.4.jar;C:\Users\Om Panchal\AppData\Local\Coursier\cache\v1\https\repo1.maven.org\maven2\org\virtuslab\using_directives\1.1.4\using_directives-1.1.4.jar;C:\Users\Om Panchal\AppData\Local\Coursier\cache\v1\https\repo1.maven.org\maven2\org\virtuslab\scala-cli\build-macros_3\1.12.4\build-macros_3-1.12.4.jar;C:\Users\Om Panchal\AppData\Local\Coursier\cache\v1\https\repo1.maven.org\maven2\ch\epfl\scala\bsp4j\2.1.1\bsp4j-2.1.1.jar;C:\Users\Om Panchal\AppData\Local\Coursier\cache\v1\https\repo1.maven.org\maven2\org\fusesource\jansi\jansi\2.4.1\jansi-2.4.1.jar;C:\Users\Om Panchal\AppData\Local\Coursier\cache\v1\https\repo1.maven.org\maven2\io\github\alexarchambault\is-terminal\0.1.2\is-terminal-0.1.2.jar;C:\Users\Om Panchal\AppData\Local\Coursier\cache\v1\https\repo1.maven.org\maven2\org\apache\httpcomponents\httpclient\4.5.13\httpclient-4.5.13.jar;C:\Users\Om Panchal\AppData\Local\Coursier\cache\v1\https\repo1.maven.org\maven2\org\apache\httpcomponents\httpcore\4.4.15\httpcore-4.4.15.jar;C:\Users\Om Panchal\AppData\Local\Coursier\cache\v1\https\repo1.maven.org\maven2\com\google\code\findbugs\jsr305\3.0.2\jsr305-3.0.2.jar;C:\Users\Om Panchal\AppData\Local\Coursier\cache\v1\https\repo1.maven.org\maven2\io\opencensus\opencensus-api\0.31.1\opencensus-api-0.31.1.jar;C:\Users\Om Panchal\AppData\Local\Coursier\cache\v1\https\repo1.maven.org\maven2\io\opencensus\opencensus-contrib-http-util\0.31.1\opencensus-contrib-http-util-0.31.1.jar;C:\Users\Om Panchal\AppData\Local\Coursier\cache\v1\https\repo1.maven.org\maven2\com\google\auto\value\auto-value-annotations\1.9\auto-value-annotations-1.9.jar;C:\Users\Om Panchal\AppData\Local\Coursier\cache\v1\https\repo1.maven.org\maven2\com\google\auth\google-auth-library-credentials\1.10.0\google-auth-library-credentials-1.10.0.jar;C:\Users\Om Panchal\AppData\Local\Coursier\cache\v1\https\repo1.maven.org\maven2\com\google\http-client\google-http-client-gson\1.42.2\google-http-client-gson-1.42.2.jar;C:\Users\Om Panchal\AppData\Local\Coursier\cache\v1\https\repo1.maven.org\maven2\commons-codec\commons-codec\1.20.0\commons-codec-1.20.0.jar;C:\Users\Om Panchal\AppData\Local\Coursier\cache\v1\https\repo1.maven.org\maven2\org\apache\commons\commons-lang3\3.18.0\commons-lang3-3.18.0.jar;C:\Users\Om Panchal\AppData\Local\Coursier\cache\v1\https\repo1.maven.org\maven2\com\fasterxml\jackson\core\jackson-annotations\2.15.2\jackson-annotations-2.15.2.jar;C:\Users\Om Panchal\AppData\Local\Coursier\cache\v1\https\repo1.maven.org\maven2\com\fasterxml\jackson\core\jackson-core\2.15.2\jackson-core-2.15.2.jar;C:\Users\Om Panchal\AppData\Local\Coursier\cache\v1\https\repo1.maven.org\maven2\org\scala-lang\scala3-interfaces\3.3.7\scala3-interfaces-3.3.7.jar;C:\Users\Om Panchal\AppData\Local\Coursier\cache\v1\https\repo1.maven.org\maven2\org\scala-lang\tasty-core_3\3.3.7\tasty-core_3-3.3.7.jar;C:\Users\Om Panchal\AppData\Local\Coursier\cache\v1\https\repo1.maven.org\maven2\org\scala-lang\modules\scala-asm\9.8.0-scala-1\scala-asm-9.8.0-scala-1.jar;C:\Users\Om Panchal\AppData\Local\Coursier\cache\v1\https\repo1.maven.org\maven2\org\scala-sbt\compiler-interface\1.10.7\compiler-interface-1.10.7.jar;C:\Users\Om Panchal\AppData\Local\Coursier\cache\v1\https\repo1.maven.org\maven2\org\scalameta\parsers_2.13\4.15.2\parsers_2.13-4.15.2.jar;C:\Users\Om Panchal\AppData\Local\Coursier\cache\v1\https\repo1.maven.org\maven2\org\scala-lang\scala-compiler\2.13.15\scala-compiler-2.13.15.jar;C:\Users\Om Panchal\AppData\Local\Coursier\cache\v1\https\repo1.maven.org\maven2\com\thesamet\scalapb\lenses_2.13\0.11.17\lenses_2.13-0.11.17.jar;C:\Users\Om Panchal\AppData\Local\Coursier\cache\v1\https\repo1.maven.org\maven2\com\google\protobuf\protobuf-java\3.19.6\protobuf-java-3.19.6.jar;C:\Users\Om Panchal\AppData\Local\Coursier\cache\v1\https\repo1.maven.org\maven2\org\scala-native\nir_3\0.5.10\nir_3-0.5.10.jar;C:\Users\Om Panchal\AppData\Local\Coursier\cache\v1\https\repo1.maven.org\maven2\org\scala-native\util_3\0.5.10\util_3-0.5.10.jar;C:\Users\Om Panchal\AppData\Local\Coursier\cache\v1\https\repo1.maven.org\maven2\org\scala-js\scalajs-logging_3\1.2.0\scalajs-logging_3-1.2.0.jar;C:\Users\Om Panchal\AppData\Local\Coursier\cache\v1\https\repo1.maven.org\maven2\com\lihaoyi\unroll-annotation_2.13\0.1.12\unroll-annotation_2.13-0.1.12.jar;C:\Users\Om Panchal\AppData\Local\Coursier\cache\v1\https\repo1.maven.org\maven2\ch\epfl\scala\bloop-rifle_2.13\2.0.19\bloop-rifle_2.13-2.0.19.jar;C:\Users\Om Panchal\AppData\Local\Coursier\cache\v1\https\repo1.maven.org\maven2\io\get-coursier\coursier-jvm_2.13\2.1.25-M23\coursier-jvm_2.13-2.1.25-M23.jar;C:\Users\Om Panchal\AppData\Local\Coursier\cache\v1\https\repo1.maven.org\maven2\io\get-coursier\dependency_3\0.3.2\dependency_3-0.3.2.jar;C:\Users\Om Panchal\AppData\Local\Coursier\cache\v1\https\repo1.maven.org\maven2\org\eclipse\jgit\org.eclipse.jgit\7.5.0.202512021534-r\org.eclipse.jgit-7.5.0.202512021534-r.jar;C:\Users\Om Panchal\AppData\Local\Coursier\cache\v1\https\repo1.maven.org\maven2\org\scala-js\scalajs-env-jsdom-nodejs_2.13\1.1.1\scalajs-env-jsdom-nodejs_2.13-1.1.1.jar;C:\Users\Om Panchal\AppData\Local\Coursier\cache\v1\https\repo1.maven.org\maven2\org\eclipse\lsp4j\org.eclipse.lsp4j.generator\0.20.1\org.eclipse.lsp4j.generator-0.20.1.jar;C:\Users\Om Panchal\AppData\Local\Coursier\cache\v1\https\repo1.maven.org\maven2\org\eclipse\lsp4j\org.eclipse.lsp4j.jsonrpc\0.20.1\org.eclipse.lsp4j.jsonrpc-0.20.1.jar;C:\Users\Om Panchal\AppData\Local\Coursier\cache\v1\https\repo1.maven.org\maven2\commons-logging\commons-logging\1.2\commons-logging-1.2.jar;C:\Users\Om Panchal\AppData\Local\Coursier\cache\v1\https\repo1.maven.org\maven2\io\grpc\grpc-context\1.27.2\grpc-context-1.27.2.jar;C:\Users\Om Panchal\AppData\Local\Coursier\cache\v1\https\repo1.maven.org\maven2\com\google\code\gson\gson\2.10.1\gson-2.10.1.jar;C:\Users\Om Panchal\AppData\Local\Coursier\cache\v1\https\repo1.maven.org\maven2\org\scala-sbt\util-interface\1.10.7\util-interface-1.10.7.jar;C:\Users\Om Panchal\AppData\Local\Coursier\cache\v1\https\repo1.maven.org\maven2\org\scalameta\trees_2.13\4.15.2\trees_2.13-4.15.2.jar;C:\Users\Om Panchal\AppData\Local\Coursier\cache\v1\https\repo1.maven.org\maven2\io\github\java-diff-utils\java-diff-utils\4.12\java-diff-utils-4.12.jar;C:\Users\Om Panchal\AppData\Local\Coursier\cache\v1\https\repo1.maven.org\maven2\ch\epfl\scala\libdaemon_2.13\0.0.12\libdaemon_2.13-0.0.12.jar;C:\Users\Om Panchal\AppData\Local\Coursier\cache\v1\https\repo1.maven.org\maven2\io\github\alexarchambault\scala-cli\snailgun\snailgun-core_2.13\0.4.1-sc2\snailgun-core_2.13-0.4.1-sc2.jar;C:\Users\Om Panchal\AppData\Local\Coursier\cache\v1\https\repo1.maven.org\maven2\io\get-coursier\coursier_2.13\2.1.25-M23\coursier_2.13-2.1.25-M23.jar;C:\Users\Om Panchal\AppData\Local\Coursier\cache\v1\https\repo1.maven.org\maven2\io\get-coursier\coursier-archive-cache_2.13\2.1.25-M23\coursier-archive-cache_2.13-2.1.25-M23.jar;C:\Users\Om Panchal\AppData\Local\Coursier\cache\v1\https\repo1.maven.org\maven2\io\get-coursier\coursier-env_2.13\2.1.25-M23\coursier-env_2.13-2.1.25-M23.jar;C:\Users\Om Panchal\AppData\Local\Coursier\cache\v1\https\repo1.maven.org\maven2\io\get-coursier\coursier-exec\2.1.25-M23\coursier-exec-2.1.25-M23.jar;C:\Users\Om Panchal\AppData\Local\Coursier\cache\v1\https\repo1.maven.org\maven2\com\googlecode\javaewah\JavaEWAH\1.2.3\JavaEWAH-1.2.3.jar;C:\Users\Om Panchal\AppData\Local\Coursier\cache\v1\https\repo1.maven.org\maven2\org\eclipse\xtend\org.eclipse.xtend.lib\2.28.0\org.eclipse.xtend.lib-2.28.0.jar;C:\Users\Om Panchal\AppData\Local\Coursier\cache\v1\https\repo1.maven.org\maven2\org\scalameta\common_2.13\4.15.2\common_2.13-4.15.2.jar;C:\Users\Om Panchal\AppData\Local\Coursier\cache\v1\https\repo1.maven.org\maven2\org\scalameta\io_2.13\4.15.2\io_2.13-4.15.2.jar;C:\Users\Om Panchal\AppData\Local\Coursier\cache\v1\https\repo1.maven.org\maven2\org\codehaus\plexus\plexus-archiver\4.10.1\plexus-archiver-4.10.1.jar;C:\Users\Om Panchal\AppData\Local\Coursier\cache\v1\https\repo1.maven.org\maven2\org\codehaus\plexus\plexus-container-default\2.1.1\plexus-container-default-2.1.1.jar;C:\Users\Om Panchal\AppData\Local\Coursier\cache\v1\https\repo1.maven.org\maven2\org\apache\tika\tika-core\3.2.3\tika-core-3.2.3.jar;C:\Users\Om Panchal\AppData\Local\Coursier\cache\v1\https\repo1.maven.org\maven2\com\github\luben\zstd-jni\1.5.7-4\zstd-jni-1.5.7-4.jar;C:\Users\Om Panchal\AppData\Local\Coursier\cache\v1\https\repo1.maven.org\maven2\org\eclipse\xtext\org.eclipse.xtext.xbase.lib\2.28.0\org.eclipse.xtext.xbase.lib-2.28.0.jar;C:\Users\Om Panchal\AppData\Local\Coursier\cache\v1\https\repo1.maven.org\maven2\org\eclipse\xtend\org.eclipse.xtend.lib.macro\2.28.0\org.eclipse.xtend.lib.macro-2.28.0.jar;C:\Users\Om Panchal\AppData\Local\Coursier\cache\v1\https\repo1.maven.org\maven2\javax\inject\javax.inject\1\javax.inject-1.jar;C:\Users\Om Panchal\AppData\Local\Coursier\cache\v1\https\repo1.maven.org\maven2\org\codehaus\plexus\plexus-utils\4.0.2\plexus-utils-4.0.2.jar;C:\Users\Om Panchal\AppData\Local\Coursier\cache\v1\https\repo1.maven.org\maven2\org\codehaus\plexus\plexus-io\3.5.1\plexus-io-3.5.1.jar;C:\Users\Om Panchal\AppData\Local\Coursier\cache\v1\https\repo1.maven.org\maven2\io\airlift\aircompressor\0.27\aircompressor-0.27.jar;C:\Users\Om Panchal\AppData\Local\Coursier\cache\v1\https\repo1.maven.org\maven2\org\tukaani\xz\1.10\xz-1.10.jar;C:\Users\Om Panchal\AppData\Local\Coursier\cache\v1\https\repo1.maven.org\maven2\org\codehaus\plexus\plexus-classworlds\2.6.0\plexus-classworlds-2.6.0.jar;C:\Users\Om Panchal\AppData\Local\Coursier\cache\v1\https\repo1.maven.org\maven2\org\apache\xbean\xbean-reflect\3.7\xbean-reflect-3.7.jar, scala.cli.ScalaCli, bsp, C:\Users\Om Panchal\OneDrive\Pictures\ドキュメント\GitHub\75_DSA_Problems_solved)
2026.07.13 17:41:23 INFO  tracing is disabled for protocol BSP, to enable tracing of incoming and outgoing JSON messages create an empty file at C:\Users\Om Panchal\OneDrive\Pictures\ドキュメント\GitHub\75_DSA_Problems_solved\.metals\bsp.trace.json or C:\Users\Om Panchal\AppData\Local\scalameta\metals\cache\bsp.trace.json
2026.07.13 17:41:23 INFO  no build target found for C:\Users\Om Panchal\OneDrive\Pictures\ドキュメント\GitHub\75_DSA_Problems_solved\1.scala. Using presentation compiler with project's scala-library version: 3.3.7
2026.07.13 17:41:23 INFO  no build target found for C:\Users\Om Panchal\OneDrive\Pictures\ドキュメント\GitHub\75_DSA_Problems_solved\1.scala. Using presentation compiler with project's scala-library version: 3.3.7
2026.07.13 17:41:24 INFO  Scala CLI: WARNING: A terminally deprecated method in sun.misc.Unsafe has been called
2026.07.13 17:41:24 INFO  Scala CLI: WARNING: sun.misc.Unsafe::objectFieldOffset has been called by scala.runtime.LazyVals$ (file:/C:/Users/Om%20Panchal/AppData/Local/Coursier/cache/v1/https/repo1.maven.org/maven2/org/scala-lang/scala3-library_3/3.3.7/scala3-library_3-3.3.7.jar)
2026.07.13 17:41:24 INFO  Scala CLI: WARNING: Please consider reporting this to the maintainers of class scala.runtime.LazyVals$
2026.07.13 17:41:24 INFO  Scala CLI: WARNING: sun.misc.Unsafe::objectFieldOffset will be removed in a future release
2026.07.13 17:41:24 INFO  Scala CLI: WARNING: A restricted method in java.lang.System has been called
2026.07.13 17:41:24 INFO  Scala CLI: WARNING: java.lang.System::load has been called by coursier.jniutils.LoadWindowsLibrary in an unnamed module (file:/C:/Users/Om%20Panchal/AppData/Local/Coursier/cache/v1/https/repo1.maven.org/maven2/io/get-coursier/jniutils/windows-jni-utils/0.3.3/windows-jni-utils-0.3.3.jar)
2026.07.13 17:41:24 INFO  Scala CLI: WARNING: Use --enable-native-access=ALL-UNNAMED to avoid a warning for callers in this module
2026.07.13 17:41:24 INFO  Scala CLI: WARNING: Restricted methods will be blocked in a future release unless native access is enabled
2026.07.13 17:41:24 INFO  Scala CLI: 
2026.07.13 17:41:25 WARN  no build target for: C:\Users\Om Panchal\OneDrive\Pictures\ドキュメント\GitHub\75_DSA_Problems_solved\1.scala
2026.07.13 17:41:25 INFO  no build target found for C:\Users\Om Panchal\OneDrive\Pictures\ドキュメント\GitHub\75_DSA_Problems_solved\1.scala. Using presentation compiler with project's scala-library version: 3.3.7
2026.07.13 17:41:25 INFO  no build target found for C:\Users\Om Panchal\OneDrive\Pictures\ドキュメント\GitHub\75_DSA_Problems_solved\1.scala. Using presentation compiler with project's scala-library version: 3.3.7
2026.07.13 17:41:25 INFO  no build target found for C:\Users\Om Panchal\OneDrive\Pictures\ドキュメント\GitHub\75_DSA_Problems_solved\1.scala. Using presentation compiler with project's scala-library version: 3.3.7
2026.07.13 17:41:25 INFO  no build target found for C:\Users\Om Panchal\OneDrive\Pictures\ドキュメント\GitHub\75_DSA_Problems_solved\1.scala. Using presentation compiler with project's scala-library version: 3.3.7
Jul 13, 2026 5:41:25 PM org.eclipse.lsp4j.jsonrpc.RemoteEndpoint handleCancellation
WARNING: Unmatched cancel notification for request id 118
2026.07.13 17:41:25 INFO  no build target found for C:\Users\Om Panchal\OneDrive\Pictures\ドキュメント\GitHub\75_DSA_Problems_solved\1.scala. Using presentation compiler with project's scala-library version: 3.3.7
Jul 13, 2026 5:41:25 PM org.eclipse.lsp4j.jsonrpc.RemoteEndpoint handleCancellation
WARNING: Unmatched cancel notification for request id 119
2026.07.13 17:41:25 INFO  no build target found for C:\Users\Om Panchal\OneDrive\Pictures\ドキュメント\GitHub\75_DSA_Problems_solved\1.scala. Using presentation compiler with project's scala-library version: 3.3.7
2026.07.13 17:41:25 INFO  no build target found for C:\Users\Om Panchal\OneDrive\Pictures\ドキュメント\GitHub\75_DSA_Problems_solved\1.scala. Using presentation compiler with project's scala-library version: 3.3.7
2026.07.13 17:41:26 INFO  no build target found for C:\Users\Om Panchal\OneDrive\Pictures\ドキュメント\GitHub\75_DSA_Problems_solved\1.scala. Using presentation compiler with project's scala-library version: 3.3.7
2026.07.13 17:41:26 WARN  no build target for: C:\Users\Om Panchal\OneDrive\Pictures\ドキュメント\GitHub\75_DSA_Problems_solved\1.scala
2026.07.13 17:41:26 INFO  no build target found for C:\Users\Om Panchal\OneDrive\Pictures\ドキュメント\GitHub\75_DSA_Problems_solved\1.scala. Using presentation compiler with project's scala-library version: 3.3.7
2026.07.13 17:41:28 INFO  Scala CLI: Error: java.nio.file.InvalidPathException: Illegal char <?> at index 38: C:\Users\Om Panchal\OneDrive\Pictures\??????\GitHub\75_DSA_Problems_solved
2026.07.13 17:41:28 INFO  Scala CLI: For more details, please see 'C:\Users\Om Panchal\OneDrive\Pictures\??????\GitHub\75_DSA_Problems_solved\.scala-build\stacktraces\1783944688-2851866981432905010.log'
2026.07.13 17:41:31 INFO  no build target found for C:\Users\Om Panchal\OneDrive\Pictures\ドキュメント\GitHub\75_DSA_Problems_solved\1.scala. Using presentation compiler with project's scala-library version: 3.3.7
2026.07.13 17:41:31 INFO  no build target found for C:\Users\Om Panchal\OneDrive\Pictures\ドキュメント\GitHub\75_DSA_Problems_solved\1.scala. Using presentation compiler with project's scala-library version: 3.3.7
2026.07.13 17:41:31 INFO  no build target found for C:\Users\Om Panchal\OneDrive\Pictures\ドキュメント\GitHub\75_DSA_Problems_solved\1.scala. Using presentation compiler with project's scala-library version: 3.3.7
2026.07.13 17:41:31 INFO  no build target found for C:\Users\Om Panchal\OneDrive\Pictures\ドキュメント\GitHub\75_DSA_Problems_solved\1.scala. Using presentation compiler with project's scala-library version: 3.3.7
2026.07.13 17:41:32 INFO  no build target found for C:\Users\Om Panchal\OneDrive\Pictures\ドキュメント\GitHub\75_DSA_Problems_solved\1.scala. Using presentation compiler with project's scala-library version: 3.3.7
2026.07.13 17:41:32 INFO  no build target found for C:\Users\Om Panchal\OneDrive\Pictures\ドキュメント\GitHub\75_DSA_Problems_solved\1.scala. Using presentation compiler with project's scala-library version: 3.3.7
2026.07.13 17:41:32 INFO  no build target found for C:\Users\Om Panchal\OneDrive\Pictures\ドキュメント\GitHub\75_DSA_Problems_solved\1.scala. Using presentation compiler with project's scala-library version: 3.3.7
2026.07.13 17:41:32 INFO  no build target found for C:\Users\Om Panchal\OneDrive\Pictures\ドキュメント\GitHub\75_DSA_Problems_solved\1.scala. Using presentation compiler with project's scala-library version: 3.3.7
2026.07.13 17:41:33 INFO  no build target found for C:\Users\Om Panchal\OneDrive\Pictures\ドキュメント\GitHub\75_DSA_Problems_solved\1.scala. Using presentation compiler with project's scala-library version: 3.3.7
2026.07.13 17:41:33 INFO  no build target found for C:\Users\Om Panchal\OneDrive\Pictures\ドキュメント\GitHub\75_DSA_Problems_solved\1.scala. Using presentation compiler with project's scala-library version: 3.3.7
2026.07.13 17:41:34 INFO  no build target found for C:\Users\Om Panchal\OneDrive\Pictures\ドキュメント\GitHub\75_DSA_Problems_solved\1.scala. Using presentation compiler with project's scala-library version: 3.3.7
2026.07.13 17:41:35 INFO  no build target found for C:\Users\Om Panchal\OneDrive\Pictures\ドキュメント\GitHub\75_DSA_Problems_solved\1.scala. Using presentation compiler with project's scala-library version: 3.3.7
2026.07.13 17:41:35 WARN  no build target for: C:\Users\Om Panchal\OneDrive\Pictures\ドキュメント\GitHub\75_DSA_Problems_solved\1.scala
2026.07.13 17:41:35 INFO  no build target found for C:\Users\Om Panchal\OneDrive\Pictures\ドキュメント\GitHub\75_DSA_Problems_solved\1.scala. Using presentation compiler with project's scala-library version: 3.3.7
2026.07.13 17:41:36 INFO  no build target found for C:\Users\Om Panchal\OneDrive\Pictures\ドキュメント\GitHub\75_DSA_Problems_solved\1.scala. Using presentation compiler with project's scala-library version: 3.3.7
2026.07.13 17:41:37 INFO  no build target found for C:\Users\Om Panchal\OneDrive\Pictures\ドキュメント\GitHub\75_DSA_Problems_solved\1.scala. Using presentation compiler with project's scala-library version: 3.3.7
2026.07.13 17:41:37 INFO  no build target found for C:\Users\Om Panchal\OneDrive\Pictures\ドキュメント\GitHub\75_DSA_Problems_solved\1.scala. Using presentation compiler with project's scala-library version: 3.3.7
2026.07.13 17:41:38 INFO  no build target found for C:\Users\Om Panchal\OneDrive\Pictures\ドキュメント\GitHub\75_DSA_Problems_solved\1.scala. Using presentation compiler with project's scala-library version: 3.3.7
2026.07.13 17:41:38 INFO  no build target found for C:\Users\Om Panchal\OneDrive\Pictures\ドキュメント\GitHub\75_DSA_Problems_solved\1.scala. Using presentation compiler with project's scala-library version: 3.3.7
2026.07.13 17:41:39 INFO  no build target found for C:\Users\Om Panchal\OneDrive\Pictures\ドキュメント\GitHub\75_DSA_Problems_solved\1.scala. Using presentation compiler with project's scala-library version: 3.3.7
2026.07.13 17:41:40 INFO  no build target found for C:\Users\Om Panchal\OneDrive\Pictures\ドキュメント\GitHub\75_DSA_Problems_solved\1.scala. Using presentation compiler with project's scala-library version: 3.3.7
2026.07.13 17:41:40 INFO  no build target found for C:\Users\Om Panchal\OneDrive\Pictures\ドキュメント\GitHub\75_DSA_Problems_solved\1.scala. Using presentation compiler with project's scala-library version: 3.3.7
2026.07.13 17:41:40 INFO  no build target found for C:\Users\Om Panchal\OneDrive\Pictures\ドキュメント\GitHub\75_DSA_Problems_solved\1.scala. Using presentation compiler with project's scala-library version: 3.3.7
2026.07.13 17:41:40 INFO  no build target found for C:\Users\Om Panchal\OneDrive\Pictures\ドキュメント\GitHub\75_DSA_Problems_solved\1.scala. Using presentation compiler with project's scala-library version: 3.3.7
2026.07.13 17:41:40 INFO  no build target found for C:\Users\Om Panchal\OneDrive\Pictures\ドキュメント\GitHub\75_DSA_Problems_solved\1.scala. Using presentation compiler with project's scala-library version: 3.3.7
2026.07.13 17:41:40 INFO  no build target found for C:\Users\Om Panchal\OneDrive\Pictures\ドキュメント\GitHub\75_DSA_Problems_solved\1.scala. Using presentation compiler with project's scala-library version: 3.3.7
2026.07.13 17:41:40 INFO  no build target found for C:\Users\Om Panchal\OneDrive\Pictures\ドキュメント\GitHub\75_DSA_Problems_solved\1.scala. Using presentation compiler with project's scala-library version: 3.3.7
2026.07.13 17:41:42 INFO  no build target found for C:\Users\Om Panchal\OneDrive\Pictures\ドキュメント\GitHub\75_DSA_Problems_solved\1.scala. Using presentation compiler with project's scala-library version: 3.3.7
2026.07.13 17:41:42 INFO  no build target found for C:\Users\Om Panchal\OneDrive\Pictures\ドキュメント\GitHub\75_DSA_Problems_solved\1.scala. Using presentation compiler with project's scala-library version: 3.3.7
2026.07.13 17:41:42 INFO  no build target found for C:\Users\Om Panchal\OneDrive\Pictures\ドキュメント\GitHub\75_DSA_Problems_solved\1.scala. Using presentation compiler with project's scala-library version: 3.3.7
2026.07.13 17:41:42 INFO  no build target found for C:\Users\Om Panchal\OneDrive\Pictures\ドキュメント\GitHub\75_DSA_Problems_solved\1.scala. Using presentation compiler with project's scala-library version: 3.3.7
2026.07.13 17:41:43 INFO  no build target found for C:\Users\Om Panchal\OneDrive\Pictures\ドキュメント\GitHub\75_DSA_Problems_solved\1.scala. Using presentation compiler with project's scala-library version: 3.3.7
2026.07.13 17:41:43 INFO  no build target found for C:\Users\Om Panchal\OneDrive\Pictures\ドキュメント\GitHub\75_DSA_Problems_solved\1.scala. Using presentation compiler with project's scala-library version: 3.3.7
2026.07.13 17:41:43 INFO  no build target found for C:\Users\Om Panchal\OneDrive\Pictures\ドキュメント\GitHub\75_DSA_Problems_solved\1.scala. Using presentation compiler with project's scala-library version: 3.3.7
2026.07.13 17:41:43 INFO  no build target found for C:\Users\Om Panchal\OneDrive\Pictures\ドキュメント\GitHub\75_DSA_Problems_solved\1.scala. Using presentation compiler with project's scala-library version: 3.3.7
2026.07.13 17:41:44 INFO  no build target found for C:\Users\Om Panchal\OneDrive\Pictures\ドキュメント\GitHub\75_DSA_Problems_solved\1.scala. Using presentation compiler with project's scala-library version: 3.3.7
2026.07.13 17:41:44 INFO  no build target found for C:\Users\Om Panchal\OneDrive\Pictures\ドキュメント\GitHub\75_DSA_Problems_solved\1.scala. Using presentation compiler with project's scala-library version: 3.3.7
2026.07.13 17:41:44 INFO  no build target found for C:\Users\Om Panchal\OneDrive\Pictures\ドキュメント\GitHub\75_DSA_Problems_solved\1.scala. Using presentation compiler with project's scala-library version: 3.3.7
2026.07.13 17:41:44 INFO  no build target found for C:\Users\Om Panchal\OneDrive\Pictures\ドキュメント\GitHub\75_DSA_Problems_solved\1.scala. Using presentation compiler with project's scala-library version: 3.3.7
2026.07.13 17:41:46 INFO  no build target found for C:\Users\Om Panchal\OneDrive\Pictures\ドキュメント\GitHub\75_DSA_Problems_solved\1.scala. Using presentation compiler with project's scala-library version: 3.3.7
2026.07.13 17:41:46 INFO  no build target found for C:\Users\Om Panchal\OneDrive\Pictures\ドキュメント\GitHub\75_DSA_Problems_solved\1.scala. Using presentation compiler with project's scala-library version: 3.3.7
2026.07.13 17:41:46 WARN  no build target for: C:\Users\Om Panchal\OneDrive\Pictures\ドキュメント\GitHub\75_DSA_Problems_solved\1.scala
2026.07.13 17:41:46 INFO  no build target found for C:\Users\Om Panchal\OneDrive\Pictures\ドキュメント\GitHub\75_DSA_Problems_solved\1.scala. Using presentation compiler with project's scala-library version: 3.3.7
2026.07.13 17:41:48 INFO  no build target found for C:\Users\Om Panchal\OneDrive\Pictures\ドキュメント\GitHub\75_DSA_Problems_solved\1.scala. Using presentation compiler with project's scala-library version: 3.3.7
2026.07.13 17:41:48 INFO  no build target found for C:\Users\Om Panchal\OneDrive\Pictures\ドキュメント\GitHub\75_DSA_Problems_solved\1.scala. Using presentation compiler with project's scala-library version: 3.3.7
2026.07.13 17:41:48 INFO  no build target found for C:\Users\Om Panchal\OneDrive\Pictures\ドキュメント\GitHub\75_DSA_Problems_solved\1.scala. Using presentation compiler with project's scala-library version: 3.3.7
2026.07.13 17:41:50 INFO  no build target found for C:\Users\Om Panchal\OneDrive\Pictures\ドキュメント\GitHub\75_DSA_Problems_solved\1.scala. Using presentation compiler with project's scala-library version: 3.3.7
2026.07.13 17:41:56 INFO  no build target found for C:\Users\Om Panchal\OneDrive\Pictures\ドキュメント\GitHub\75_DSA_Problems_solved\1.scala. Using presentation compiler with project's scala-library version: 3.3.7
2026.07.13 17:41:57 INFO  no build target found for C:\Users\Om Panchal\OneDrive\Pictures\ドキュメント\GitHub\75_DSA_Problems_solved\1.scala. Using presentation compiler with project's scala-library version: 3.3.7
2026.07.13 17:41:57 INFO  no build target found for C:\Users\Om Panchal\OneDrive\Pictures\ドキュメント\GitHub\75_DSA_Problems_solved\1.scala. Using presentation compiler with project's scala-library version: 3.3.7
2026.07.13 17:41:58 INFO  no build target found for C:\Users\Om Panchal\OneDrive\Pictures\ドキュメント\GitHub\75_DSA_Problems_solved\1.scala. Using presentation compiler with project's scala-library version: 3.3.7
2026.07.13 17:41:58 INFO  no build target found for C:\Users\Om Panchal\OneDrive\Pictures\ドキュメント\GitHub\75_DSA_Problems_solved\1.scala. Using presentation compiler with project's scala-library version: 3.3.7
2026.07.13 17:41:59 INFO  no build target found for C:\Users\Om Panchal\OneDrive\Pictures\ドキュメント\GitHub\75_DSA_Problems_solved\1.scala. Using presentation compiler with project's scala-library version: 3.3.7
2026.07.13 17:41:59 INFO  no build target found for C:\Users\Om Panchal\OneDrive\Pictures\ドキュメント\GitHub\75_DSA_Problems_solved\1.scala. Using presentation compiler with project's scala-library version: 3.3.7
2026.07.13 17:41:59 INFO  no build target found for C:\Users\Om Panchal\OneDrive\Pictures\ドキュメント\GitHub\75_DSA_Problems_solved\1.scala. Using presentation compiler with project's scala-library version: 3.3.7
2026.07.13 17:42:00 INFO  no build target found for C:\Users\Om Panchal\OneDrive\Pictures\ドキュメント\GitHub\75_DSA_Problems_solved\1.scala. Using presentation compiler with project's scala-library version: 3.3.7
2026.07.13 17:41:59 INFO  no build target found for C:\Users\Om Panchal\OneDrive\Pictures\ドキュメント\GitHub\75_DSA_Problems_solved\1.scala. Using presentation compiler with project's scala-library version: 3.3.7
2026.07.13 17:41:59 INFO  no build target found for C:\Users\Om Panchal\OneDrive\Pictures\ドキュメント\GitHub\75_DSA_Problems_solved\1.scala. Using presentation compiler with project's scala-library version: 3.3.7
2026.07.13 17:42:00 INFO  no build target found for C:\Users\Om Panchal\OneDrive\Pictures\ドキュメント\GitHub\75_DSA_Problems_solved\1.scala. Using presentation compiler with project's scala-library version: 3.3.7
2026.07.13 17:42:01 WARN  no build target for: C:\Users\Om Panchal\OneDrive\Pictures\ドキュメント\GitHub\75_DSA_Problems_solved\1.scala
2026.07.13 17:42:01 INFO  no build target found for C:\Users\Om Panchal\OneDrive\Pictures\ドキュメント\GitHub\75_DSA_Problems_solved\1.scala. Using presentation compiler with project's scala-library version: 3.3.7
2026.07.13 17:42:01 INFO  no build target found for C:\Users\Om Panchal\OneDrive\Pictures\ドキュメント\GitHub\75_DSA_Problems_solved\1.scala. Using presentation compiler with project's scala-library version: 3.3.7
2026.07.13 17:42:02 INFO  no build target found for C:\Users\Om Panchal\OneDrive\Pictures\ドキュメント\GitHub\75_DSA_Problems_solved\1.scala. Using presentation compiler with project's scala-library version: 3.3.7
2026.07.13 17:42:02 INFO  no build target found for C:\Users\Om Panchal\OneDrive\Pictures\ドキュメント\GitHub\75_DSA_Problems_solved\1.scala. Using presentation compiler with project's scala-library version: 3.3.7
2026.07.13 17:42:03 INFO  no build target found for C:\Users\Om Panchal\OneDrive\Pictures\ドキュメント\GitHub\75_DSA_Problems_solved\1.scala. Using presentation compiler with project's scala-library version: 3.3.7
2026.07.13 17:42:03 INFO  no build target found for C:\Users\Om Panchal\OneDrive\Pictures\ドキュメント\GitHub\75_DSA_Problems_solved\1.scala. Using presentation compiler with project's scala-library version: 3.3.7
2026.07.13 17:42:03 INFO  no build target found for C:\Users\Om Panchal\OneDrive\Pictures\ドキュメント\GitHub\75_DSA_Problems_solved\1.scala. Using presentation compiler with project's scala-library version: 3.3.7
2026.07.13 17:42:04 INFO  no build target found for C:\Users\Om Panchal\OneDrive\Pictures\ドキュメント\GitHub\75_DSA_Problems_solved\1.scala. Using presentation compiler with project's scala-library version: 3.3.7
2026.07.13 17:42:04 WARN  no build target for: C:\Users\Om Panchal\OneDrive\Pictures\ドキュメント\GitHub\75_DSA_Problems_solved\1.scala
2026.07.13 17:42:04 INFO  no build target found for C:\Users\Om Panchal\OneDrive\Pictures\ドキュメント\GitHub\75_DSA_Problems_solved\1.scala. Using presentation compiler with project's scala-library version: 3.3.7
2026.07.13 17:42:05 INFO  no build target found for C:\Users\Om Panchal\OneDrive\Pictures\ドキュメント\GitHub\75_DSA_Problems_solved\1.scala. Using presentation compiler with project's scala-library version: 3.3.7
2026.07.13 17:42:07 INFO  no build target found for C:\Users\Om Panchal\OneDrive\Pictures\ドキュメント\GitHub\75_DSA_Problems_solved\1.scala. Using presentation compiler with project's scala-library version: 3.3.7
2026.07.13 17:42:09 INFO  no build target found for C:\Users\Om Panchal\OneDrive\Pictures\ドキュメント\GitHub\75_DSA_Problems_solved\1.scala. Using presentation compiler with project's scala-library version: 3.3.7
2026.07.13 17:42:09 INFO  no build target found for C:\Users\Om Panchal\OneDrive\Pictures\ドキュメント\GitHub\75_DSA_Problems_solved\1.scala. Using presentation compiler with project's scala-library version: 3.3.7
2026.07.13 17:42:09 INFO  no build target found for C:\Users\Om Panchal\OneDrive\Pictures\ドキュメント\GitHub\75_DSA_Problems_solved\1.scala. Using presentation compiler with project's scala-library version: 3.3.7
2026.07.13 17:42:09 INFO  no build target found for C:\Users\Om Panchal\OneDrive\Pictures\ドキュメント\GitHub\75_DSA_Problems_solved\1.scala. Using presentation compiler with project's scala-library version: 3.3.7
2026.07.13 17:42:10 INFO  no build target found for C:\Users\Om Panchal\OneDrive\Pictures\ドキュメント\GitHub\75_DSA_Problems_solved\1.scala. Using presentation compiler with project's scala-library version: 3.3.7
2026.07.13 17:42:10 INFO  no build target found for C:\Users\Om Panchal\OneDrive\Pictures\ドキュメント\GitHub\75_DSA_Problems_solved\1.scala. Using presentation compiler with project's scala-library version: 3.3.7
2026.07.13 17:42:10 WARN  no build target for: C:\Users\Om Panchal\OneDrive\Pictures\ドキュメント\GitHub\75_DSA_Problems_solved\1.scala
2026.07.13 17:42:10 INFO  no build target found for C:\Users\Om Panchal\OneDrive\Pictures\ドキュメント\GitHub\75_DSA_Problems_solved\1.scala. Using presentation compiler with project's scala-library version: 3.3.7
2026.07.13 17:42:11 INFO  no build target found for C:\Users\Om Panchal\OneDrive\Pictures\ドキュメント\GitHub\75_DSA_Problems_solved\1.scala. Using presentation compiler with project's scala-library version: 3.3.7
2026.07.13 17:42:11 INFO  no build target found for C:\Users\Om Panchal\OneDrive\Pictures\ドキュメント\GitHub\75_DSA_Problems_solved\1.scala. Using presentation compiler with project's scala-library version: 3.3.7
2026.07.13 17:42:11 INFO  no build target found for C:\Users\Om Panchal\OneDrive\Pictures\ドキュメント\GitHub\75_DSA_Problems_solved\1.scala. Using presentation compiler with project's scala-library version: 3.3.7
2026.07.13 17:42:12 INFO  no build target found for C:\Users\Om Panchal\OneDrive\Pictures\ドキュメント\GitHub\75_DSA_Problems_solved\1.scala. Using presentation compiler with project's scala-library version: 3.3.7
2026.07.13 17:42:12 INFO  no build target found for C:\Users\Om Panchal\OneDrive\Pictures\ドキュメント\GitHub\75_DSA_Problems_solved\1.scala. Using presentation compiler with project's scala-library version: 3.3.7
2026.07.13 17:42:12 INFO  no build target found for C:\Users\Om Panchal\OneDrive\Pictures\ドキュメント\GitHub\75_DSA_Problems_solved\1.scala. Using presentation compiler with project's scala-library version: 3.3.7
2026.07.13 17:42:13 INFO  no build target found for C:\Users\Om Panchal\OneDrive\Pictures\ドキュメント\GitHub\75_DSA_Problems_solved\1.scala. Using presentation compiler with project's scala-library version: 3.3.7
2026.07.13 17:42:14 INFO  no build target found for C:\Users\Om Panchal\OneDrive\Pictures\ドキュメント\GitHub\75_DSA_Problems_solved\1.scala. Using presentation compiler with project's scala-library version: 3.3.7
2026.07.13 17:42:14 WARN  no build target for: C:\Users\Om Panchal\OneDrive\Pictures\ドキュメント\GitHub\75_DSA_Problems_solved\1.scala
2026.07.13 17:42:13 INFO  no build target found for C:\Users\Om Panchal\OneDrive\Pictures\ドキュメント\GitHub\75_DSA_Problems_solved\1.scala. Using presentation compiler with project's scala-library version: 3.3.7
2026.07.13 17:42:14 INFO  no build target found for C:\Users\Om Panchal\OneDrive\Pictures\ドキュメント\GitHub\75_DSA_Problems_solved\1.scala. Using presentation compiler with project's scala-library version: 3.3.7
2026.07.13 17:42:15 INFO  no build target found for C:\Users\Om Panchal\OneDrive\Pictures\ドキュメント\GitHub\75_DSA_Problems_solved\1.scala. Using presentation compiler with project's scala-library version: 3.3.7
2026.07.13 17:42:15 INFO  no build target found for C:\Users\Om Panchal\OneDrive\Pictures\ドキュメント\GitHub\75_DSA_Problems_solved\1.scala. Using presentation compiler with project's scala-library version: 3.3.7
2026.07.13 17:42:15 INFO  no build target found for C:\Users\Om Panchal\OneDrive\Pictures\ドキュメント\GitHub\75_DSA_Problems_solved\1.scala. Using presentation compiler with project's scala-library version: 3.3.7
2026.07.13 17:42:16 INFO  no build target found for C:\Users\Om Panchal\OneDrive\Pictures\ドキュメント\GitHub\75_DSA_Problems_solved\1.scala. Using presentation compiler with project's scala-library version: 3.3.7
2026.07.13 17:42:16 INFO  no build target found for C:\Users\Om Panchal\OneDrive\Pictures\ドキュメント\GitHub\75_DSA_Problems_solved\1.scala. Using presentation compiler with project's scala-library version: 3.3.7
2026.07.13 17:42:17 WARN  no build target for: C:\Users\Om Panchal\OneDrive\Pictures\ドキュメント\GitHub\75_DSA_Problems_solved\1.scala
2026.07.13 17:42:17 INFO  no build target found for C:\Users\Om Panchal\OneDrive\Pictures\ドキュメント\GitHub\75_DSA_Problems_solved\1.scala. Using presentation compiler with project's scala-library version: 3.3.7
2026.07.13 17:42:17 INFO  no build target found for C:\Users\Om Panchal\OneDrive\Pictures\ドキュメント\GitHub\75_DSA_Problems_solved\1.scala. Using presentation compiler with project's scala-library version: 3.3.7
2026.07.13 17:42:17 INFO  no build target found for C:\Users\Om Panchal\OneDrive\Pictures\ドキュメント\GitHub\75_DSA_Problems_solved\1.scala. Using presentation compiler with project's scala-library version: 3.3.7
2026.07.13 17:42:17 INFO  no build target found for C:\Users\Om Panchal\OneDrive\Pictures\ドキュメント\GitHub\75_DSA_Problems_solved\1.scala. Using presentation compiler with project's scala-library version: 3.3.7
2026.07.13 17:42:18 INFO  no build target found for C:\Users\Om Panchal\OneDrive\Pictures\ドキュメント\GitHub\75_DSA_Problems_solved\1.scala. Using presentation compiler with project's scala-library version: 3.3.7
2026.07.13 17:42:17 INFO  no build target found for C:\Users\Om Panchal\OneDrive\Pictures\ドキュメント\GitHub\75_DSA_Problems_solved\1.scala. Using presentation compiler with project's scala-library version: 3.3.7
2026.07.13 17:42:18 INFO  no build target found for C:\Users\Om Panchal\OneDrive\Pictures\ドキュメント\GitHub\75_DSA_Problems_solved\1.scala. Using presentation compiler with project's scala-library version: 3.3.7
2026.07.13 17:42:18 INFO  no build target found for C:\Users\Om Panchal\OneDrive\Pictures\ドキュメント\GitHub\75_DSA_Problems_solved\1.scala. Using presentation compiler with project's scala-library version: 3.3.7
2026.07.13 17:42:18 INFO  no build target found for C:\Users\Om Panchal\OneDrive\Pictures\ドキュメント\GitHub\75_DSA_Problems_solved\1.scala. Using presentation compiler with project's scala-library version: 3.3.7
2026.07.13 17:42:19 WARN  no build target for: C:\Users\Om Panchal\OneDrive\Pictures\ドキュメント\GitHub\75_DSA_Problems_solved\1.scala
2026.07.13 17:42:19 INFO  no build target found for C:\Users\Om Panchal\OneDrive\Pictures\ドキュメント\GitHub\75_DSA_Problems_solved\1.scala. Using presentation compiler with project's scala-library version: 3.3.7
2026.07.13 17:42:19 INFO  no build target found for C:\Users\Om Panchal\OneDrive\Pictures\ドキュメント\GitHub\75_DSA_Problems_solved\1.scala. Using presentation compiler with project's scala-library version: 3.3.7
2026.07.13 17:42:19 INFO  no build target found for C:\Users\Om Panchal\OneDrive\Pictures\ドキュメント\GitHub\75_DSA_Problems_solved\1.scala. Using presentation compiler with project's scala-library version: 3.3.7
2026.07.13 17:42:20 INFO  no build target found for C:\Users\Om Panchal\OneDrive\Pictures\ドキュメント\GitHub\75_DSA_Problems_solved\1.scala. Using presentation compiler with project's scala-library version: 3.3.7
2026.07.13 17:42:19 INFO  no build target found for C:\Users\Om Panchal\OneDrive\Pictures\ドキュメント\GitHub\75_DSA_Problems_solved\1.scala. Using presentation compiler with project's scala-library version: 3.3.7
2026.07.13 17:42:21 INFO  no build target found for C:\Users\Om Panchal\OneDrive\Pictures\ドキュメント\GitHub\75_DSA_Problems_solved\1.scala. Using presentation compiler with project's scala-library version: 3.3.7
2026.07.13 17:42:21 INFO  no build target found for C:\Users\Om Panchal\OneDrive\Pictures\ドキュメント\GitHub\75_DSA_Problems_solved\1.scala. Using presentation compiler with project's scala-library version: 3.3.7
2026.07.13 17:42:21 INFO  no build target found for C:\Users\Om Panchal\OneDrive\Pictures\ドキュメント\GitHub\75_DSA_Problems_solved\1.scala. Using presentation compiler with project's scala-library version: 3.3.7
2026.07.13 17:42:21 INFO  no build target found for C:\Users\Om Panchal\OneDrive\Pictures\ドキュメント\GitHub\75_DSA_Problems_solved\1.scala. Using presentation compiler with project's scala-library version: 3.3.7
2026.07.13 17:42:21 INFO  no build target found for C:\Users\Om Panchal\OneDrive\Pictures\ドキュメント\GitHub\75_DSA_Problems_solved\1.scala. Using presentation compiler with project's scala-library version: 3.3.7
2026.07.13 17:42:21 INFO  no build target found for C:\Users\Om Panchal\OneDrive\Pictures\ドキュメント\GitHub\75_DSA_Problems_solved\1.scala. Using presentation compiler with project's scala-library version: 3.3.7
2026.07.13 17:42:21 INFO  no build target found for C:\Users\Om Panchal\OneDrive\Pictures\ドキュメント\GitHub\75_DSA_Problems_solved\1.scala. Using presentation compiler with project's scala-library version: 3.3.7
Jul 13, 2026 5:42:21 PM org.eclipse.lsp4j.jsonrpc.RemoteEndpoint handleCancellation
WARNING: Unmatched cancel notification for request id 289
2026.07.13 17:42:21 INFO  no build target found for C:\Users\Om Panchal\OneDrive\Pictures\ドキュメント\GitHub\75_DSA_Problems_solved\1.scala. Using presentation compiler with project's scala-library version: 3.3.7
2026.07.13 17:42:22 INFO  no build target found for C:\Users\Om Panchal\OneDrive\Pictures\ドキュメント\GitHub\75_DSA_Problems_solved\1.scala. Using presentation compiler with project's scala-library version: 3.3.7
2026.07.13 17:42:22 INFO  no build target found for C:\Users\Om Panchal\OneDrive\Pictures\ドキュメント\GitHub\75_DSA_Problems_solved\1.scala. Using presentation compiler with project's scala-library version: 3.3.7
2026.07.13 17:42:22 INFO  no build target found for C:\Users\Om Panchal\OneDrive\Pictures\ドキュメント\GitHub\75_DSA_Problems_solved\1.scala. Using presentation compiler with project's scala-library version: 3.3.7
2026.07.13 17:42:22 INFO  no build target found for C:\Users\Om Panchal\OneDrive\Pictures\ドキュメント\GitHub\75_DSA_Problems_solved\1.scala. Using presentation compiler with project's scala-library version: 3.3.7
2026.07.13 17:42:23 WARN  no build target for: C:\Users\Om Panchal\OneDrive\Pictures\ドキュメント\GitHub\75_DSA_Problems_solved\1.scala
2026.07.13 17:42:23 INFO  no build target found for C:\Users\Om Panchal\OneDrive\Pictures\ドキュメント\GitHub\75_DSA_Problems_solved\1.scala. Using presentation compiler with project's scala-library version: 3.3.7
2026.07.13 17:42:23 INFO  no build target found for C:\Users\Om Panchal\OneDrive\Pictures\ドキュメント\GitHub\75_DSA_Problems_solved\1.scala. Using presentation compiler with project's scala-library version: 3.3.7
2026.07.13 17:42:23 INFO  no build target found for C:\Users\Om Panchal\OneDrive\Pictures\ドキュメント\GitHub\75_DSA_Problems_solved\1.scala. Using presentation compiler with project's scala-library version: 3.3.7
2026.07.13 17:42:23 INFO  no build target found for C:\Users\Om Panchal\OneDrive\Pictures\ドキュメント\GitHub\75_DSA_Problems_solved\1.scala. Using presentation compiler with project's scala-library version: 3.3.7
2026.07.13 17:42:23 INFO  no build target found for C:\Users\Om Panchal\OneDrive\Pictures\ドキュメント\GitHub\75_DSA_Problems_solved\1.scala. Using presentation compiler with project's scala-library version: 3.3.7
2026.07.13 17:42:23 INFO  no build target found for C:\Users\Om Panchal\OneDrive\Pictures\ドキュメント\GitHub\75_DSA_Problems_solved\1.scala. Using presentation compiler with project's scala-library version: 3.3.7
2026.07.13 17:42:23 INFO  no build target found for C:\Users\Om Panchal\OneDrive\Pictures\ドキュメント\GitHub\75_DSA_Problems_solved\1.scala. Using presentation compiler with project's scala-library version: 3.3.7
2026.07.13 17:42:24 ERROR Timeout waiting for 'build/initialize' response
2026.07.13 17:42:24 WARN  Retrying connection to the build server Scala CLI
2026.07.13 17:42:24 INFO  Running List(C:\Program Files\Java\jdk-24\bin\java.exe, -cp, C:\Users\Om Panchal\AppData\Local\Coursier\cache\v1\https\repo1.maven.org\maven2\org\virtuslab\scala-cli\cli_3\1.12.4\cli_3-1.12.4.jar;C:\Users\Om Panchal\AppData\Local\Coursier\cache\v1\https\repo1.maven.org\maven2\com\github\alexarchambault\case-app_3\2.1.0\case-app_3-2.1.0.jar;C:\Users\Om Panchal\AppData\Local\Coursier\cache\v1\https\repo1.maven.org\maven2\io\get-coursier\coursier-launcher_2.13\2.1.25-M23\coursier-launcher_2.13-2.1.25-M23.jar;C:\Users\Om Panchal\AppData\Local\Coursier\cache\v1\https\repo1.maven.org\maven2\io\get-coursier\coursier-proxy-setup\2.1.25-M23\coursier-proxy-setup-2.1.25-M23.jar;C:\Users\Om Panchal\AppData\Local\Coursier\cache\v1\https\repo1.maven.org\maven2\io\get-coursier\publish\publish_3\0.4.4\publish_3-0.4.4.jar;C:\Users\Om Panchal\AppData\Local\Coursier\cache\v1\https\repo1.maven.org\maven2\com\google\jimfs\jimfs\1.3.1\jimfs-1.3.1.jar;C:\Users\Om Panchal\AppData\Local\Coursier\cache\v1\https\repo1.maven.org\maven2\io\get-coursier\jniutils\windows-jni-utils\0.3.3\windows-jni-utils-0.3.3.jar;C:\Users\Om Panchal\AppData\Local\Coursier\cache\v1\https\repo1.maven.org\maven2\com\github\plokhotnyuk\jsoniter-scala\jsoniter-scala-core_3\2.38.8\jsoniter-scala-core_3-2.38.8.jar;C:\Users\Om Panchal\AppData\Local\Coursier\cache\v1\https\repo1.maven.org\maven2\org\virtuslab\scala-cli\libsodiumjni\0.0.4\libsodiumjni-0.0.4.jar;C:\Users\Om Panchal\AppData\Local\Coursier\cache\v1\https\repo1.maven.org\maven2\org\scalameta\metaconfig-typesafe-config_3\0.18.2\metaconfig-typesafe-config_3-0.18.2.jar;C:\Users\Om Panchal\AppData\Local\Coursier\cache\v1\https\repo1.maven.org\maven2\ai\kien\python-native-libs_3\0.2.5\python-native-libs_3-0.2.5.jar;C:\Users\Om Panchal\AppData\Local\Coursier\cache\v1\https\repo1.maven.org\maven2\org\virtuslab\scala-packager_3\0.2.1\scala-packager_3-0.2.1.jar;C:\Users\Om Panchal\AppData\Local\Coursier\cache\v1\https\repo1.maven.org\maven2\org\virtuslab\scala-cli-signing\cli_3\0.2.13\cli_3-0.2.13.jar;C:\Users\Om Panchal\AppData\Local\Coursier\cache\v1\https\repo1.maven.org\maven2\org\slf4j\slf4j-nop\2.0.17\slf4j-nop-2.0.17.jar;C:\Users\Om Panchal\AppData\Local\Coursier\cache\v1\https\repo1.maven.org\maven2\com\softwaremill\sttp\client3\core_3\3.11.0\core_3-3.11.0.jar;C:\Users\Om Panchal\AppData\Local\Coursier\cache\v1\https\repo1.maven.org\maven2\ch\epfl\scala\scalafix-interfaces\0.14.5\scalafix-interfaces-0.14.5.jar;C:\Users\Om Panchal\AppData\Local\Coursier\cache\v1\https\repo1.maven.org\maven2\org\virtuslab\scala-cli\scala3-graal_3\1.9.1\scala3-graal_3-1.9.1.jar;C:\Users\Om Panchal\AppData\Local\Coursier\cache\v1\https\repo1.maven.org\maven2\org\virtuslab\scala-cli\scala3-graal-processor_3\1.9.1\scala3-graal-processor_3-1.9.1.jar;C:\Users\Om Panchal\AppData\Local\Coursier\cache\v1\https\repo1.maven.org\maven2\org\scala-lang\scala3-library_3\3.3.7\scala3-library_3-3.3.7.jar;C:\Users\Om Panchal\AppData\Local\Coursier\cache\v1\https\repo1.maven.org\maven2\org\virtuslab\scala-cli\build-module_3\1.12.4\build-module_3-1.12.4.jar;C:\Users\Om Panchal\AppData\Local\Coursier\cache\v1\https\repo1.maven.org\maven2\org\virtuslab\scala-cli\config_3\1.12.4\config_3-1.12.4.jar;C:\Users\Om Panchal\AppData\Local\Coursier\cache\v1\https\repo1.maven.org\maven2\org\virtuslab\scala-cli\specification-level_3\1.12.4\specification-level_3-1.12.4.jar;C:\Users\Om Panchal\AppData\Local\Coursier\cache\v1\https\repo1.maven.org\maven2\com\lihaoyi\sourcecode_3\0.4.3-M5\sourcecode_3-0.4.3-M5.jar;C:\Users\Om Panchal\AppData\Local\Coursier\cache\v1\https\repo1.maven.org\maven2\com\github\alexarchambault\case-app-annotations_3\2.1.0\case-app-annotations_3-2.1.0.jar;C:\Users\Om Panchal\AppData\Local\Coursier\cache\v1\https\repo1.maven.org\maven2\com\github\alexarchambault\case-app-util_3\2.1.0\case-app-util_3-2.1.0.jar;C:\Users\Om Panchal\AppData\Local\Coursier\cache\v1\https\repo1.maven.org\maven2\io\github\alexarchambault\scala-cli\tmp\zip-input-stream\0.1.1\zip-input-stream-0.1.1.jar;C:\Users\Om Panchal\AppData\Local\Coursier\cache\v1\https\repo1.maven.org\maven2\org\scala-lang\scala-library\2.13.18\scala-library-2.13.18.jar;C:\Users\Om Panchal\AppData\Local\Coursier\cache\v1\https\repo1.maven.org\maven2\io\get-coursier\coursier-cache_2.13\2.1.25-M23\coursier-cache_2.13-2.1.25-M23.jar;C:\Users\Om Panchal\AppData\Local\Coursier\cache\v1\https\repo1.maven.org\maven2\io\get-coursier\coursier-core_2.13\2.1.25-M23\coursier-core_2.13-2.1.25-M23.jar;C:\Users\Om Panchal\AppData\Local\Coursier\cache\v1\https\repo1.maven.org\maven2\com\google\guava\guava\33.5.0-jre\guava-33.5.0-jre.jar;C:\Users\Om Panchal\AppData\Local\Coursier\cache\v1\https\repo1.maven.org\maven2\net\java\dev\jna\jna\5.17.0\jna-5.17.0.jar;C:\Users\Om Panchal\AppData\Local\Coursier\cache\v1\https\repo1.maven.org\maven2\net\java\dev\jna\jna-platform\5.12.1\jna-platform-5.12.1.jar;C:\Users\Om Panchal\AppData\Local\Coursier\cache\v1\https\repo1.maven.org\maven2\org\scalameta\metaconfig-core_3\0.18.2\metaconfig-core_3-0.18.2.jar;C:\Users\Om Panchal\AppData\Local\Coursier\cache\v1\https\repo1.maven.org\maven2\com\typesafe\config\1.4.5\config-1.4.5.jar;C:\Users\Om Panchal\AppData\Local\Coursier\cache\v1\https\repo1.maven.org\maven2\org\scala-lang\modules\scala-collection-compat_3\2.14.0\scala-collection-compat_3-2.14.0.jar;C:\Users\Om Panchal\AppData\Local\Coursier\cache\v1\https\repo1.maven.org\maven2\commons-io\commons-io\2.20.0\commons-io-2.20.0.jar;C:\Users\Om Panchal\AppData\Local\Coursier\cache\v1\https\repo1.maven.org\maven2\com\google\cloud\tools\jib-core\0.27.3\jib-core-0.27.3.jar;C:\Users\Om Panchal\AppData\Local\Coursier\cache\v1\https\repo1.maven.org\maven2\com\lihaoyi\os-lib_3\0.11.8\os-lib_3-0.11.8.jar;C:\Users\Om Panchal\AppData\Local\Coursier\cache\v1\https\repo1.maven.org\maven2\org\bouncycastle\bcpg-jdk18on\1.83\bcpg-jdk18on-1.83.jar;C:\Users\Om Panchal\AppData\Local\Coursier\cache\v1\https\repo1.maven.org\maven2\org\bouncycastle\bcutil-jdk18on\1.83\bcutil-jdk18on-1.83.jar;C:\Users\Om Panchal\AppData\Local\Coursier\cache\v1\https\repo1.maven.org\maven2\org\virtuslab\scala-cli-signing\shared_3\0.2.13\shared_3-0.2.13.jar;C:\Users\Om Panchal\AppData\Local\Coursier\cache\v1\https\repo1.maven.org\maven2\org\slf4j\slf4j-api\2.0.17\slf4j-api-2.0.17.jar;C:\Users\Om Panchal\AppData\Local\Coursier\cache\v1\https\repo1.maven.org\maven2\com\softwaremill\sttp\model\core_3\1.7.11\core_3-1.7.11.jar;C:\Users\Om Panchal\AppData\Local\Coursier\cache\v1\https\repo1.maven.org\maven2\com\softwaremill\sttp\shared\core_3\1.3.22\core_3-1.3.22.jar;C:\Users\Om Panchal\AppData\Local\Coursier\cache\v1\https\repo1.maven.org\maven2\com\softwaremill\sttp\shared\ws_3\1.3.22\ws_3-1.3.22.jar;C:\Users\Om Panchal\AppData\Local\Coursier\cache\v1\https\repo1.maven.org\maven2\io\get-coursier\interface\1.0.28\interface-1.0.28.jar;C:\Users\Om Panchal\AppData\Local\Coursier\cache\v1\https\repo1.maven.org\maven2\org\ow2\asm\asm\9.9.1\asm-9.9.1.jar;C:\Users\Om Panchal\AppData\Local\Coursier\cache\v1\https\repo1.maven.org\maven2\org\virtuslab\scala-cli\java-class-name\java-class-name_3\0.1.9\java-class-name_3-0.1.9.jar;C:\Users\Om Panchal\AppData\Local\Coursier\cache\v1\https\repo1.maven.org\maven2\org\scalameta\semanticdb-shared_2.13\4.15.2\semanticdb-shared_2.13-4.15.2.jar;C:\Users\Om Panchal\AppData\Local\Coursier\cache\v1\https\repo1.maven.org\maven2\org\scala-native\test-runner_3\0.5.10\test-runner_3-0.5.10.jar;C:\Users\Om Panchal\AppData\Local\Coursier\cache\v1\https\repo1.maven.org\maven2\com\lihaoyi\pprint_3\0.9.5\pprint_3-0.9.5.jar;C:\Users\Om Panchal\AppData\Local\Coursier\cache\v1\https\repo1.maven.org\maven2\org\scala-js\scalajs-env-nodejs_3\1.5.0\scalajs-env-nodejs_3-1.5.0.jar;C:\Users\Om Panchal\AppData\Local\Coursier\cache\v1\https\repo1.maven.org\maven2\org\scala-js\scalajs-sbt-test-adapter_2.13\1.20.2\scalajs-sbt-test-adapter_2.13-1.20.2.jar;C:\Users\Om Panchal\AppData\Local\Coursier\cache\v1\https\repo1.maven.org\maven2\com\swoval\file-tree-views\2.1.12\file-tree-views-2.1.12.jar;C:\Users\Om Panchal\AppData\Local\Coursier\cache\v1\https\repo1.maven.org\maven2\org\virtuslab\scala-cli\zip-input-stream\zip-input-stream\0.1.3\zip-input-stream-0.1.3.jar;C:\Users\Om Panchal\AppData\Local\Coursier\cache\v1\https\repo1.maven.org\maven2\org\virtuslab\scala-cli\options_3\1.12.4\options_3-1.12.4.jar;C:\Users\Om Panchal\AppData\Local\Coursier\cache\v1\https\repo1.maven.org\maven2\org\virtuslab\scala-cli\directives_3\1.12.4\directives_3-1.12.4.jar;C:\Users\Om Panchal\AppData\Local\Coursier\cache\v1\https\repo1.maven.org\maven2\org\virtuslab\scala-cli\scala-cli-bsp\1.12.4\scala-cli-bsp-1.12.4.jar;C:\Users\Om Panchal\AppData\Local\Coursier\cache\v1\https\repo1.maven.org\maven2\org\virtuslab\scala-cli\test-runner_3\1.12.4\test-runner_3-1.12.4.jar;C:\Users\Om Panchal\AppData\Local\Coursier\cache\v1\https\repo1.maven.org\maven2\org\virtuslab\scala-cli\tasty-lib_3\1.12.4\tasty-lib_3-1.12.4.jar;C:\Users\Om Panchal\AppData\Local\Coursier\cache\v1\https\repo1.maven.org\maven2\io\github\alexarchambault\windows-ansi\windows-ansi\0.0.6\windows-ansi-0.0.6.jar;C:\Users\Om Panchal\AppData\Local\Coursier\cache\v1\https\repo1.maven.org\maven2\io\get-coursier\cache-util\2.1.25-M23\cache-util-2.1.25-M23.jar;C:\Users\Om Panchal\AppData\Local\Coursier\cache\v1\https\repo1.maven.org\maven2\io\get-coursier\coursier-paths\2.1.25-M23\coursier-paths-2.1.25-M23.jar;C:\Users\Om Panchal\AppData\Local\Coursier\cache\v1\https\repo1.maven.org\maven2\io\get-coursier\coursier-util_2.13\2.1.25-M23\coursier-util_2.13-2.1.25-M23.jar;C:\Users\Om Panchal\AppData\Local\Coursier\cache\v1\https\repo1.maven.org\maven2\io\get-coursier\versions_2.13\0.5.1\versions_2.13-0.5.1.jar;C:\Users\Om Panchal\AppData\Local\Coursier\cache\v1\https\repo1.maven.org\maven2\io\github\alexarchambault\concurrent-reference-hash-map\1.1.0\concurrent-reference-hash-map-1.1.0.jar;C:\Users\Om Panchal\AppData\Local\Coursier\cache\v1\https\repo1.maven.org\maven2\org\scala-lang\modules\scala-xml_2.13\2.4.0\scala-xml_2.13-2.4.0.jar;C:\Users\Om Panchal\AppData\Local\Coursier\cache\v1\https\repo1.maven.org\maven2\com\google\guava\failureaccess\1.0.3\failureaccess-1.0.3.jar;C:\Users\Om Panchal\AppData\Local\Coursier\cache\v1\https\repo1.maven.org\maven2\com\google\guava\listenablefuture\9999.0-empty-to-avoid-conflict-with-guava\listenablefuture-9999.0-empty-to-avoid-conflict-with-guava.jar;C:\Users\Om Panchal\AppData\Local\Coursier\cache\v1\https\repo1.maven.org\maven2\org\jspecify\jspecify\1.0.0\jspecify-1.0.0.jar;C:\Users\Om Panchal\AppData\Local\Coursier\cache\v1\https\repo1.maven.org\maven2\com\google\errorprone\error_prone_annotations\2.41.0\error_prone_annotations-2.41.0.jar;C:\Users\Om Panchal\AppData\Local\Coursier\cache\v1\https\repo1.maven.org\maven2\com\google\j2objc\j2objc-annotations\3.1\j2objc-annotations-3.1.jar;C:\Users\Om Panchal\AppData\Local\Coursier\cache\v1\https\repo1.maven.org\maven2\org\scalameta\metaconfig-pprint_3\0.18.2\metaconfig-pprint_3-0.18.2.jar;C:\Users\Om Panchal\AppData\Local\Coursier\cache\v1\https\repo1.maven.org\maven2\org\typelevel\paiges-core_3\0.4.4\paiges-core_3-0.4.4.jar;C:\Users\Om Panchal\AppData\Local\Coursier\cache\v1\https\repo1.maven.org\maven2\org\scala-lang\scala-reflect\2.13.18\scala-reflect-2.13.18.jar;C:\Users\Om Panchal\AppData\Local\Coursier\cache\v1\https\repo1.maven.org\maven2\com\google\cloud\tools\jib-build-plan\0.4.0\jib-build-plan-0.4.0.jar;C:\Users\Om Panchal\AppData\Local\Coursier\cache\v1\https\repo1.maven.org\maven2\com\google\http-client\google-http-client\1.42.2\google-http-client-1.42.2.jar;C:\Users\Om Panchal\AppData\Local\Coursier\cache\v1\https\repo1.maven.org\maven2\com\google\http-client\google-http-client-apache-v2\1.42.2\google-http-client-apache-v2-1.42.2.jar;C:\Users\Om Panchal\AppData\Local\Coursier\cache\v1\https\repo1.maven.org\maven2\com\google\auth\google-auth-library-oauth2-http\1.10.0\google-auth-library-oauth2-http-1.10.0.jar;C:\Users\Om Panchal\AppData\Local\Coursier\cache\v1\https\repo1.maven.org\maven2\org\apache\commons\commons-compress\1.28.0\commons-compress-1.28.0.jar;C:\Users\Om Panchal\AppData\Local\Coursier\cache\v1\https\repo1.maven.org\maven2\com\fasterxml\jackson\core\jackson-databind\2.15.2\jackson-databind-2.15.2.jar;C:\Users\Om Panchal\AppData\Local\Coursier\cache\v1\https\repo1.maven.org\maven2\com\fasterxml\jackson\datatype\jackson-datatype-jsr310\2.15.2\jackson-datatype-jsr310-2.15.2.jar;C:\Users\Om Panchal\AppData\Local\Coursier\cache\v1\https\repo1.maven.org\maven2\com\lihaoyi\geny_3\1.1.1\geny_3-1.1.1.jar;C:\Users\Om Panchal\AppData\Local\Coursier\cache\v1\https\repo1.maven.org\maven2\com\lihaoyi\os-zip\0.11.8\os-zip-0.11.8.jar;C:\Users\Om Panchal\AppData\Local\Coursier\cache\v1\https\repo1.maven.org\maven2\org\bouncycastle\bcprov-jdk18on\1.83\bcprov-jdk18on-1.83.jar;C:\Users\Om Panchal\AppData\Local\Coursier\cache\v1\https\repo1.maven.org\maven2\org\jline\jline-terminal-jni\3.25.0\jline-terminal-jni-3.25.0.jar;C:\Users\Om Panchal\AppData\Local\Coursier\cache\v1\https\repo1.maven.org\maven2\org\jline\jline-native\3.25.0\jline-native-3.25.0.jar;C:\Users\Om Panchal\AppData\Local\Coursier\cache\v1\https\repo1.maven.org\maven2\org\scala-lang\scala3-compiler_3\3.3.7\scala3-compiler_3-3.3.7.jar;C:\Users\Om Panchal\AppData\Local\Coursier\cache\v1\https\repo1.maven.org\maven2\org\scalameta\scalameta_2.13\4.15.2\scalameta_2.13-4.15.2.jar;C:\Users\Om Panchal\AppData\Local\Coursier\cache\v1\https\repo1.maven.org\maven2\org\scala-lang\scalap\2.13.15\scalap-2.13.15.jar;C:\Users\Om Panchal\AppData\Local\Coursier\cache\v1\https\repo1.maven.org\maven2\com\thesamet\scalapb\scalapb-runtime_2.13\0.11.17\scalapb-runtime_2.13-0.11.17.jar;C:\Users\Om Panchal\AppData\Local\Coursier\cache\v1\https\repo1.maven.org\maven2\org\scala-native\tools_3\0.5.10\tools_3-0.5.10.jar;C:\Users\Om Panchal\AppData\Local\Coursier\cache\v1\https\repo1.maven.org\maven2\org\scala-sbt\test-interface\1.0\test-interface-1.0.jar;C:\Users\Om Panchal\AppData\Local\Coursier\cache\v1\https\repo1.maven.org\maven2\com\lihaoyi\fansi_3\0.5.1\fansi_3-0.5.1.jar;C:\Users\Om Panchal\AppData\Local\Coursier\cache\v1\https\repo1.maven.org\maven2\org\scala-js\scalajs-js-envs_3\1.5.0\scalajs-js-envs_3-1.5.0.jar;C:\Users\Om Panchal\AppData\Local\Coursier\cache\v1\https\repo1.maven.org\maven2\ch\epfl\scala\bloop-config_2.13\2.3.3\bloop-config_2.13-2.3.3.jar;C:\Users\Om Panchal\AppData\Local\Coursier\cache\v1\https\repo1.maven.org\maven2\org\virtuslab\scala-cli\core_3\1.12.4\core_3-1.12.4.jar;C:\Users\Om Panchal\AppData\Local\Coursier\cache\v1\https\repo1.maven.org\maven2\org\virtuslab\using_directives\1.1.4\using_directives-1.1.4.jar;C:\Users\Om Panchal\AppData\Local\Coursier\cache\v1\https\repo1.maven.org\maven2\org\virtuslab\scala-cli\build-macros_3\1.12.4\build-macros_3-1.12.4.jar;C:\Users\Om Panchal\AppData\Local\Coursier\cache\v1\https\repo1.maven.org\maven2\ch\epfl\scala\bsp4j\2.1.1\bsp4j-2.1.1.jar;C:\Users\Om Panchal\AppData\Local\Coursier\cache\v1\https\repo1.maven.org\maven2\org\fusesource\jansi\jansi\2.4.1\jansi-2.4.1.jar;C:\Users\Om Panchal\AppData\Local\Coursier\cache\v1\https\repo1.maven.org\maven2\io\github\alexarchambault\is-terminal\0.1.2\is-terminal-0.1.2.jar;C:\Users\Om Panchal\AppData\Local\Coursier\cache\v1\https\repo1.maven.org\maven2\org\apache\httpcomponents\httpclient\4.5.13\httpclient-4.5.13.jar;C:\Users\Om Panchal\AppData\Local\Coursier\cache\v1\https\repo1.maven.org\maven2\org\apache\httpcomponents\httpcore\4.4.15\httpcore-4.4.15.jar;C:\Users\Om Panchal\AppData\Local\Coursier\cache\v1\https\repo1.maven.org\maven2\com\google\code\findbugs\jsr305\3.0.2\jsr305-3.0.2.jar;C:\Users\Om Panchal\AppData\Local\Coursier\cache\v1\https\repo1.maven.org\maven2\io\opencensus\opencensus-api\0.31.1\opencensus-api-0.31.1.jar;C:\Users\Om Panchal\AppData\Local\Coursier\cache\v1\https\repo1.maven.org\maven2\io\opencensus\opencensus-contrib-http-util\0.31.1\opencensus-contrib-http-util-0.31.1.jar;C:\Users\Om Panchal\AppData\Local\Coursier\cache\v1\https\repo1.maven.org\maven2\com\google\auto\value\auto-value-annotations\1.9\auto-value-annotations-1.9.jar;C:\Users\Om Panchal\AppData\Local\Coursier\cache\v1\https\repo1.maven.org\maven2\com\google\auth\google-auth-library-credentials\1.10.0\google-auth-library-credentials-1.10.0.jar;C:\Users\Om Panchal\AppData\Local\Coursier\cache\v1\https\repo1.maven.org\maven2\com\google\http-client\google-http-client-gson\1.42.2\google-http-client-gson-1.42.2.jar;C:\Users\Om Panchal\AppData\Local\Coursier\cache\v1\https\repo1.maven.org\maven2\commons-codec\commons-codec\1.20.0\commons-codec-1.20.0.jar;C:\Users\Om Panchal\AppData\Local\Coursier\cache\v1\https\repo1.maven.org\maven2\org\apache\commons\commons-lang3\3.18.0\commons-lang3-3.18.0.jar;C:\Users\Om Panchal\AppData\Local\Coursier\cache\v1\https\repo1.maven.org\maven2\com\fasterxml\jackson\core\jackson-annotations\2.15.2\jackson-annotations-2.15.2.jar;C:\Users\Om Panchal\AppData\Local\Coursier\cache\v1\https\repo1.maven.org\maven2\com\fasterxml\jackson\core\jackson-core\2.15.2\jackson-core-2.15.2.jar;C:\Users\Om Panchal\AppData\Local\Coursier\cache\v1\https\repo1.maven.org\maven2\org\scala-lang\scala3-interfaces\3.3.7\scala3-interfaces-3.3.7.jar;C:\Users\Om Panchal\AppData\Local\Coursier\cache\v1\https\repo1.maven.org\maven2\org\scala-lang\tasty-core_3\3.3.7\tasty-core_3-3.3.7.jar;C:\Users\Om Panchal\AppData\Local\Coursier\cache\v1\https\repo1.maven.org\maven2\org\scala-lang\modules\scala-asm\9.8.0-scala-1\scala-asm-9.8.0-scala-1.jar;C:\Users\Om Panchal\AppData\Local\Coursier\cache\v1\https\repo1.maven.org\maven2\org\scala-sbt\compiler-interface\1.10.7\compiler-interface-1.10.7.jar;C:\Users\Om Panchal\AppData\Local\Coursier\cache\v1\https\repo1.maven.org\maven2\org\scalameta\parsers_2.13\4.15.2\parsers_2.13-4.15.2.jar;C:\Users\Om Panchal\AppData\Local\Coursier\cache\v1\https\repo1.maven.org\maven2\org\scala-lang\scala-compiler\2.13.15\scala-compiler-2.13.15.jar;C:\Users\Om Panchal\AppData\Local\Coursier\cache\v1\https\repo1.maven.org\maven2\com\thesamet\scalapb\lenses_2.13\0.11.17\lenses_2.13-0.11.17.jar;C:\Users\Om Panchal\AppData\Local\Coursier\cache\v1\https\repo1.maven.org\maven2\com\google\protobuf\protobuf-java\3.19.6\protobuf-java-3.19.6.jar;C:\Users\Om Panchal\AppData\Local\Coursier\cache\v1\https\repo1.maven.org\maven2\org\scala-native\nir_3\0.5.10\nir_3-0.5.10.jar;C:\Users\Om Panchal\AppData\Local\Coursier\cache\v1\https\repo1.maven.org\maven2\org\scala-native\util_3\0.5.10\util_3-0.5.10.jar;C:\Users\Om Panchal\AppData\Local\Coursier\cache\v1\https\repo1.maven.org\maven2\org\scala-js\scalajs-logging_3\1.2.0\scalajs-logging_3-1.2.0.jar;C:\Users\Om Panchal\AppData\Local\Coursier\cache\v1\https\repo1.maven.org\maven2\com\lihaoyi\unroll-annotation_2.13\0.1.12\unroll-annotation_2.13-0.1.12.jar;C:\Users\Om Panchal\AppData\Local\Coursier\cache\v1\https\repo1.maven.org\maven2\ch\epfl\scala\bloop-rifle_2.13\2.0.19\bloop-rifle_2.13-2.0.19.jar;C:\Users\Om Panchal\AppData\Local\Coursier\cache\v1\https\repo1.maven.org\maven2\io\get-coursier\coursier-jvm_2.13\2.1.25-M23\coursier-jvm_2.13-2.1.25-M23.jar;C:\Users\Om Panchal\AppData\Local\Coursier\cache\v1\https\repo1.maven.org\maven2\io\get-coursier\dependency_3\0.3.2\dependency_3-0.3.2.jar;C:\Users\Om Panchal\AppData\Local\Coursier\cache\v1\https\repo1.maven.org\maven2\org\eclipse\jgit\org.eclipse.jgit\7.5.0.202512021534-r\org.eclipse.jgit-7.5.0.202512021534-r.jar;C:\Users\Om Panchal\AppData\Local\Coursier\cache\v1\https\repo1.maven.org\maven2\org\scala-js\scalajs-env-jsdom-nodejs_2.13\1.1.1\scalajs-env-jsdom-nodejs_2.13-1.1.1.jar;C:\Users\Om Panchal\AppData\Local\Coursier\cache\v1\https\repo1.maven.org\maven2\org\eclipse\lsp4j\org.eclipse.lsp4j.generator\0.20.1\org.eclipse.lsp4j.generator-0.20.1.jar;C:\Users\Om Panchal\AppData\Local\Coursier\cache\v1\https\repo1.maven.org\maven2\org\eclipse\lsp4j\org.eclipse.lsp4j.jsonrpc\0.20.1\org.eclipse.lsp4j.jsonrpc-0.20.1.jar;C:\Users\Om Panchal\AppData\Local\Coursier\cache\v1\https\repo1.maven.org\maven2\commons-logging\commons-logging\1.2\commons-logging-1.2.jar;C:\Users\Om Panchal\AppData\Local\Coursier\cache\v1\https\repo1.maven.org\maven2\io\grpc\grpc-context\1.27.2\grpc-context-1.27.2.jar;C:\Users\Om Panchal\AppData\Local\Coursier\cache\v1\https\repo1.maven.org\maven2\com\google\code\gson\gson\2.10.1\gson-2.10.1.jar;C:\Users\Om Panchal\AppData\Local\Coursier\cache\v1\https\repo1.maven.org\maven2\org\scala-sbt\util-interface\1.10.7\util-interface-1.10.7.jar;C:\Users\Om Panchal\AppData\Local\Coursier\cache\v1\https\repo1.maven.org\maven2\org\scalameta\trees_2.13\4.15.2\trees_2.13-4.15.2.jar;C:\Users\Om Panchal\AppData\Local\Coursier\cache\v1\https\repo1.maven.org\maven2\io\github\java-diff-utils\java-diff-utils\4.12\java-diff-utils-4.12.jar;C:\Users\Om Panchal\AppData\Local\Coursier\cache\v1\https\repo1.maven.org\maven2\ch\epfl\scala\libdaemon_2.13\0.0.12\libdaemon_2.13-0.0.12.jar;C:\Users\Om Panchal\AppData\Local\Coursier\cache\v1\https\repo1.maven.org\maven2\io\github\alexarchambault\scala-cli\snailgun\snailgun-core_2.13\0.4.1-sc2\snailgun-core_2.13-0.4.1-sc2.jar;C:\Users\Om Panchal\AppData\Local\Coursier\cache\v1\https\repo1.maven.org\maven2\io\get-coursier\coursier_2.13\2.1.25-M23\coursier_2.13-2.1.25-M23.jar;C:\Users\Om Panchal\AppData\Local\Coursier\cache\v1\https\repo1.maven.org\maven2\io\get-coursier\coursier-archive-cache_2.13\2.1.25-M23\coursier-archive-cache_2.13-2.1.25-M23.jar;C:\Users\Om Panchal\AppData\Local\Coursier\cache\v1\https\repo1.maven.org\maven2\io\get-coursier\coursier-env_2.13\2.1.25-M23\coursier-env_2.13-2.1.25-M23.jar;C:\Users\Om Panchal\AppData\Local\Coursier\cache\v1\https\repo1.maven.org\maven2\io\get-coursier\coursier-exec\2.1.25-M23\coursier-exec-2.1.25-M23.jar;C:\Users\Om Panchal\AppData\Local\Coursier\cache\v1\https\repo1.maven.org\maven2\com\googlecode\javaewah\JavaEWAH\1.2.3\JavaEWAH-1.2.3.jar;C:\Users\Om Panchal\AppData\Local\Coursier\cache\v1\https\repo1.maven.org\maven2\org\eclipse\xtend\org.eclipse.xtend.lib\2.28.0\org.eclipse.xtend.lib-2.28.0.jar;C:\Users\Om Panchal\AppData\Local\Coursier\cache\v1\https\repo1.maven.org\maven2\org\scalameta\common_2.13\4.15.2\common_2.13-4.15.2.jar;C:\Users\Om Panchal\AppData\Local\Coursier\cache\v1\https\repo1.maven.org\maven2\org\scalameta\io_2.13\4.15.2\io_2.13-4.15.2.jar;C:\Users\Om Panchal\AppData\Local\Coursier\cache\v1\https\repo1.maven.org\maven2\org\codehaus\plexus\plexus-archiver\4.10.1\plexus-archiver-4.10.1.jar;C:\Users\Om Panchal\AppData\Local\Coursier\cache\v1\https\repo1.maven.org\maven2\org\codehaus\plexus\plexus-container-default\2.1.1\plexus-container-default-2.1.1.jar;C:\Users\Om Panchal\AppData\Local\Coursier\cache\v1\https\repo1.maven.org\maven2\org\apache\tika\tika-core\3.2.3\tika-core-3.2.3.jar;C:\Users\Om Panchal\AppData\Local\Coursier\cache\v1\https\repo1.maven.org\maven2\com\github\luben\zstd-jni\1.5.7-4\zstd-jni-1.5.7-4.jar;C:\Users\Om Panchal\AppData\Local\Coursier\cache\v1\https\repo1.maven.org\maven2\org\eclipse\xtext\org.eclipse.xtext.xbase.lib\2.28.0\org.eclipse.xtext.xbase.lib-2.28.0.jar;C:\Users\Om Panchal\AppData\Local\Coursier\cache\v1\https\repo1.maven.org\maven2\org\eclipse\xtend\org.eclipse.xtend.lib.macro\2.28.0\org.eclipse.xtend.lib.macro-2.28.0.jar;C:\Users\Om Panchal\AppData\Local\Coursier\cache\v1\https\repo1.maven.org\maven2\javax\inject\javax.inject\1\javax.inject-1.jar;C:\Users\Om Panchal\AppData\Local\Coursier\cache\v1\https\repo1.maven.org\maven2\org\codehaus\plexus\plexus-utils\4.0.2\plexus-utils-4.0.2.jar;C:\Users\Om Panchal\AppData\Local\Coursier\cache\v1\https\repo1.maven.org\maven2\org\codehaus\plexus\plexus-io\3.5.1\plexus-io-3.5.1.jar;C:\Users\Om Panchal\AppData\Local\Coursier\cache\v1\https\repo1.maven.org\maven2\io\airlift\aircompressor\0.27\aircompressor-0.27.jar;C:\Users\Om Panchal\AppData\Local\Coursier\cache\v1\https\repo1.maven.org\maven2\org\tukaani\xz\1.10\xz-1.10.jar;C:\Users\Om Panchal\AppData\Local\Coursier\cache\v1\https\repo1.maven.org\maven2\org\codehaus\plexus\plexus-classworlds\2.6.0\plexus-classworlds-2.6.0.jar;C:\Users\Om Panchal\AppData\Local\Coursier\cache\v1\https\repo1.maven.org\maven2\org\apache\xbean\xbean-reflect\3.7\xbean-reflect-3.7.jar, scala.cli.ScalaCli, bsp, C:\Users\Om Panchal\OneDrive\Pictures\ドキュメント\GitHub\75_DSA_Problems_solved)
2026.07.13 17:42:23 INFO  tracing is disabled for protocol BSP, to enable tracing of incoming and outgoing JSON messages create an empty file at C:\Users\Om Panchal\OneDrive\Pictures\ドキュメント\GitHub\75_DSA_Problems_solved\.metals\bsp.trace.json or C:\Users\Om Panchal\AppData\Local\scalameta\metals\cache\bsp.trace.json
2026.07.13 17:42:24 INFO  no build target found for C:\Users\Om Panchal\OneDrive\Pictures\ドキュメント\GitHub\75_DSA_Problems_solved\1.scala. Using presentation compiler with project's scala-library version: 3.3.7
2026.07.13 17:42:24 INFO  no build target found for C:\Users\Om Panchal\OneDrive\Pictures\ドキュメント\GitHub\75_DSA_Problems_solved\1.scala. Using presentation compiler with project's scala-library version: 3.3.7
2026.07.13 17:42:23 INFO  no build target found for C:\Users\Om Panchal\OneDrive\Pictures\ドキュメント\GitHub\75_DSA_Problems_solved\1.scala. Using presentation compiler with project's scala-library version: 3.3.7
2026.07.13 17:42:24 INFO  no build target found for C:\Users\Om Panchal\OneDrive\Pictures\ドキュメント\GitHub\75_DSA_Problems_solved\1.scala. Using presentation compiler with project's scala-library version: 3.3.7
2026.07.13 17:42:24 INFO  no build target found for C:\Users\Om Panchal\OneDrive\Pictures\ドキュメント\GitHub\75_DSA_Problems_solved\1.scala. Using presentation compiler with project's scala-library version: 3.3.7
2026.07.13 17:42:24 INFO  no build target found for C:\Users\Om Panchal\OneDrive\Pictures\ドキュメント\GitHub\75_DSA_Problems_solved\1.scala. Using presentation compiler with project's scala-library version: 3.3.7
2026.07.13 17:42:25 INFO  no build target found for C:\Users\Om Panchal\OneDrive\Pictures\ドキュメント\GitHub\75_DSA_Problems_solved\1.scala. Using presentation compiler with project's scala-library version: 3.3.7
2026.07.13 17:42:25 INFO  Scala CLI: WARNING: A terminally deprecated method in sun.misc.Unsafe has been called
2026.07.13 17:42:25 INFO  Scala CLI: WARNING: sun.misc.Unsafe::objectFieldOffset has been called by scala.runtime.LazyVals$ (file:/C:/Users/Om%20Panchal/AppData/Local/Coursier/cache/v1/https/repo1.maven.org/maven2/org/scala-lang/scala3-library_3/3.3.7/scala3-library_3-3.3.7.jar)
2026.07.13 17:42:25 INFO  Scala CLI: WARNING: Please consider reporting this to the maintainers of class scala.runtime.LazyVals$
2026.07.13 17:42:25 INFO  Scala CLI: WARNING: sun.misc.Unsafe::objectFieldOffset will be removed in a future release
2026.07.13 17:42:24 INFO  no build target found for C:\Users\Om Panchal\OneDrive\Pictures\ドキュメント\GitHub\75_DSA_Problems_solved\1.scala. Using presentation compiler with project's scala-library version: 3.3.7
2026.07.13 17:42:25 INFO  Scala CLI: WARNING: A restricted method in java.lang.System has been called
2026.07.13 17:42:25 INFO  Scala CLI: WARNING: java.lang.System::load has been called by coursier.jniutils.LoadWindowsLibrary in an unnamed module (file:/C:/Users/Om%20Panchal/AppData/Local/Coursier/cache/v1/https/repo1.maven.org/maven2/io/get-coursier/jniutils/windows-jni-utils/0.3.3/windows-jni-utils-0.3.3.jar)
2026.07.13 17:42:25 INFO  Scala CLI: WARNING: Use --enable-native-access=ALL-UNNAMED to avoid a warning for callers in this module
2026.07.13 17:42:25 INFO  Scala CLI: WARNING: Restricted methods will be blocked in a future release unless native access is enabled
2026.07.13 17:42:25 INFO  Scala CLI: 
2026.07.13 17:42:26 INFO  no build target found for C:\Users\Om Panchal\OneDrive\Pictures\ドキュメント\GitHub\75_DSA_Problems_solved\1.scala. Using presentation compiler with project's scala-library version: 3.3.7
2026.07.13 17:42:26 INFO  no build target found for C:\Users\Om Panchal\OneDrive\Pictures\ドキュメント\GitHub\75_DSA_Problems_solved\1.scala. Using presentation compiler with project's scala-library version: 3.3.7
2026.07.13 17:42:26 WARN  no build target for: C:\Users\Om Panchal\OneDrive\Pictures\ドキュメント\GitHub\75_DSA_Problems_solved\1.scala
2026.07.13 17:42:26 INFO  no build target found for C:\Users\Om Panchal\OneDrive\Pictures\ドキュメント\GitHub\75_DSA_Problems_solved\1.scala. Using presentation compiler with project's scala-library version: 3.3.7
2026.07.13 17:42:26 INFO  no build target found for C:\Users\Om Panchal\OneDrive\Pictures\ドキュメント\GitHub\75_DSA_Problems_solved\1.scala. Using presentation compiler with project's scala-library version: 3.3.7
2026.07.13 17:42:27 WARN  no build target for: C:\Users\Om Panchal\OneDrive\Pictures\ドキュメント\GitHub\75_DSA_Problems_solved\1.scala
2026.07.13 17:42:27 INFO  no build target found for C:\Users\Om Panchal\OneDrive\Pictures\ドキュメント\GitHub\75_DSA_Problems_solved\1.scala. Using presentation compiler with project's scala-library version: 3.3.7
2026.07.13 17:42:27 INFO  no build target found for C:\Users\Om Panchal\OneDrive\Pictures\ドキュメント\GitHub\75_DSA_Problems_solved\1.scala. Using presentation compiler with project's scala-library version: 3.3.7
2026.07.13 17:42:27 INFO  no build target found for C:\Users\Om Panchal\OneDrive\Pictures\ドキュメント\GitHub\75_DSA_Problems_solved\1.scala. Using presentation compiler with project's scala-library version: 3.3.7
2026.07.13 17:42:27 INFO  no build target found for C:\Users\Om Panchal\OneDrive\Pictures\ドキュメント\GitHub\75_DSA_Problems_solved\1.scala. Using presentation compiler with project's scala-library version: 3.3.7
2026.07.13 17:42:28 INFO  Scala CLI: Error: java.nio.file.InvalidPathException: Illegal char <?> at index 38: C:\Users\Om Panchal\OneDrive\Pictures\??????\GitHub\75_DSA_Problems_solved
2026.07.13 17:42:28 INFO  Scala CLI: For more details, please see 'C:\Users\Om Panchal\OneDrive\Pictures\??????\GitHub\75_DSA_Problems_solved\.scala-build\stacktraces\1783944748-1270011884893131485.log'
2026.07.13 17:42:29 INFO  no build target found for C:\Users\Om Panchal\OneDrive\Pictures\ドキュメント\GitHub\75_DSA_Problems_solved\1.scala. Using presentation compiler with project's scala-library version: 3.3.7
2026.07.13 17:42:29 INFO  no build target found for C:\Users\Om Panchal\OneDrive\Pictures\ドキュメント\GitHub\75_DSA_Problems_solved\1.scala. Using presentation compiler with project's scala-library version: 3.3.7
2026.07.13 17:42:29 INFO  no build target found for C:\Users\Om Panchal\OneDrive\Pictures\ドキュメント\GitHub\75_DSA_Problems_solved\1.scala. Using presentation compiler with project's scala-library version: 3.3.7
2026.07.13 17:42:29 INFO  no build target found for C:\Users\Om Panchal\OneDrive\Pictures\ドキュメント\GitHub\75_DSA_Problems_solved\1.scala. Using presentation compiler with project's scala-library version: 3.3.7
2026.07.13 17:42:29 INFO  no build target found for C:\Users\Om Panchal\OneDrive\Pictures\ドキュメント\GitHub\75_DSA_Problems_solved\1.scala. Using presentation compiler with project's scala-library version: 3.3.7
2026.07.13 17:42:30 INFO  no build target found for C:\Users\Om Panchal\OneDrive\Pictures\ドキュメント\GitHub\75_DSA_Problems_solved\1.scala. Using presentation compiler with project's scala-library version: 3.3.7
2026.07.13 17:42:30 INFO  no build target found for C:\Users\Om Panchal\OneDrive\Pictures\ドキュメント\GitHub\75_DSA_Problems_solved\1.scala. Using presentation compiler with project's scala-library version: 3.3.7
2026.07.13 17:42:30 INFO  no build target found for C:\Users\Om Panchal\OneDrive\Pictures\ドキュメント\GitHub\75_DSA_Problems_solved\1.scala. Using presentation compiler with project's scala-library version: 3.3.7
2026.07.13 17:42:31 WARN  no build target for: C:\Users\Om Panchal\OneDrive\Pictures\ドキュメント\GitHub\75_DSA_Problems_solved\1.scala
2026.07.13 17:42:31 INFO  no build target found for C:\Users\Om Panchal\OneDrive\Pictures\ドキュメント\GitHub\75_DSA_Problems_solved\1.scala. Using presentation compiler with project's scala-library version: 3.3.7
2026.07.13 17:42:31 INFO  no build target found for C:\Users\Om Panchal\OneDrive\Pictures\ドキュメント\GitHub\75_DSA_Problems_solved\1.scala. Using presentation compiler with project's scala-library version: 3.3.7
2026.07.13 17:42:32 INFO  no build target found for C:\Users\Om Panchal\OneDrive\Pictures\ドキュメント\GitHub\75_DSA_Problems_solved\1.scala. Using presentation compiler with project's scala-library version: 3.3.7
2026.07.13 17:42:33 INFO  no build target found for C:\Users\Om Panchal\OneDrive\Pictures\ドキュメント\GitHub\75_DSA_Problems_solved\1.scala. Using presentation compiler with project's scala-library version: 3.3.7
2026.07.13 17:42:37 INFO  no build target found for C:\Users\Om Panchal\OneDrive\Pictures\ドキュメント\GitHub\75_DSA_Problems_solved\1.scala. Using presentation compiler with project's scala-library version: 3.3.7
2026.07.13 17:42:37 INFO  no build target found for C:\Users\Om Panchal\OneDrive\Pictures\ドキュメント\GitHub\75_DSA_Problems_solved\1.scala. Using presentation compiler with project's scala-library version: 3.3.7
2026.07.13 17:42:38 INFO  no build target found for C:\Users\Om Panchal\OneDrive\Pictures\ドキュメント\GitHub\75_DSA_Problems_solved\1.scala. Using presentation compiler with project's scala-library version: 3.3.7
2026.07.13 17:42:38 WARN  no build target for: C:\Users\Om Panchal\OneDrive\Pictures\ドキュメント\GitHub\75_DSA_Problems_solved\1.scala
2026.07.13 17:42:38 INFO  no build target found for C:\Users\Om Panchal\OneDrive\Pictures\ドキュメント\GitHub\75_DSA_Problems_solved\1.scala. Using presentation compiler with project's scala-library version: 3.3.7
2026.07.13 17:42:44 INFO  no build target found for C:\Users\Om Panchal\OneDrive\Pictures\ドキュメント\GitHub\75_DSA_Problems_solved\1.scala. Using presentation compiler with project's scala-library version: 3.3.7
2026.07.13 17:43:24 ERROR Timeout waiting for 'build/initialize' response
2026.07.13 17:43:24 WARN  Retrying connection to the build server Scala CLI
2026.07.13 17:43:24 INFO  Running List(C:\Program Files\Java\jdk-24\bin\java.exe, -cp, C:\Users\Om Panchal\AppData\Local\Coursier\cache\v1\https\repo1.maven.org\maven2\org\virtuslab\scala-cli\cli_3\1.12.4\cli_3-1.12.4.jar;C:\Users\Om Panchal\AppData\Local\Coursier\cache\v1\https\repo1.maven.org\maven2\com\github\alexarchambault\case-app_3\2.1.0\case-app_3-2.1.0.jar;C:\Users\Om Panchal\AppData\Local\Coursier\cache\v1\https\repo1.maven.org\maven2\io\get-coursier\coursier-launcher_2.13\2.1.25-M23\coursier-launcher_2.13-2.1.25-M23.jar;C:\Users\Om Panchal\AppData\Local\Coursier\cache\v1\https\repo1.maven.org\maven2\io\get-coursier\coursier-proxy-setup\2.1.25-M23\coursier-proxy-setup-2.1.25-M23.jar;C:\Users\Om Panchal\AppData\Local\Coursier\cache\v1\https\repo1.maven.org\maven2\io\get-coursier\publish\publish_3\0.4.4\publish_3-0.4.4.jar;C:\Users\Om Panchal\AppData\Local\Coursier\cache\v1\https\repo1.maven.org\maven2\com\google\jimfs\jimfs\1.3.1\jimfs-1.3.1.jar;C:\Users\Om Panchal\AppData\Local\Coursier\cache\v1\https\repo1.maven.org\maven2\io\get-coursier\jniutils\windows-jni-utils\0.3.3\windows-jni-utils-0.3.3.jar;C:\Users\Om Panchal\AppData\Local\Coursier\cache\v1\https\repo1.maven.org\maven2\com\github\plokhotnyuk\jsoniter-scala\jsoniter-scala-core_3\2.38.8\jsoniter-scala-core_3-2.38.8.jar;C:\Users\Om Panchal\AppData\Local\Coursier\cache\v1\https\repo1.maven.org\maven2\org\virtuslab\scala-cli\libsodiumjni\0.0.4\libsodiumjni-0.0.4.jar;C:\Users\Om Panchal\AppData\Local\Coursier\cache\v1\https\repo1.maven.org\maven2\org\scalameta\metaconfig-typesafe-config_3\0.18.2\metaconfig-typesafe-config_3-0.18.2.jar;C:\Users\Om Panchal\AppData\Local\Coursier\cache\v1\https\repo1.maven.org\maven2\ai\kien\python-native-libs_3\0.2.5\python-native-libs_3-0.2.5.jar;C:\Users\Om Panchal\AppData\Local\Coursier\cache\v1\https\repo1.maven.org\maven2\org\virtuslab\scala-packager_3\0.2.1\scala-packager_3-0.2.1.jar;C:\Users\Om Panchal\AppData\Local\Coursier\cache\v1\https\repo1.maven.org\maven2\org\virtuslab\scala-cli-signing\cli_3\0.2.13\cli_3-0.2.13.jar;C:\Users\Om Panchal\AppData\Local\Coursier\cache\v1\https\repo1.maven.org\maven2\org\slf4j\slf4j-nop\2.0.17\slf4j-nop-2.0.17.jar;C:\Users\Om Panchal\AppData\Local\Coursier\cache\v1\https\repo1.maven.org\maven2\com\softwaremill\sttp\client3\core_3\3.11.0\core_3-3.11.0.jar;C:\Users\Om Panchal\AppData\Local\Coursier\cache\v1\https\repo1.maven.org\maven2\ch\epfl\scala\scalafix-interfaces\0.14.5\scalafix-interfaces-0.14.5.jar;C:\Users\Om Panchal\AppData\Local\Coursier\cache\v1\https\repo1.maven.org\maven2\org\virtuslab\scala-cli\scala3-graal_3\1.9.1\scala3-graal_3-1.9.1.jar;C:\Users\Om Panchal\AppData\Local\Coursier\cache\v1\https\repo1.maven.org\maven2\org\virtuslab\scala-cli\scala3-graal-processor_3\1.9.1\scala3-graal-processor_3-1.9.1.jar;C:\Users\Om Panchal\AppData\Local\Coursier\cache\v1\https\repo1.maven.org\maven2\org\scala-lang\scala3-library_3\3.3.7\scala3-library_3-3.3.7.jar;C:\Users\Om Panchal\AppData\Local\Coursier\cache\v1\https\repo1.maven.org\maven2\org\virtuslab\scala-cli\build-module_3\1.12.4\build-module_3-1.12.4.jar;C:\Users\Om Panchal\AppData\Local\Coursier\cache\v1\https\repo1.maven.org\maven2\org\virtuslab\scala-cli\config_3\1.12.4\config_3-1.12.4.jar;C:\Users\Om Panchal\AppData\Local\Coursier\cache\v1\https\repo1.maven.org\maven2\org\virtuslab\scala-cli\specification-level_3\1.12.4\specification-level_3-1.12.4.jar;C:\Users\Om Panchal\AppData\Local\Coursier\cache\v1\https\repo1.maven.org\maven2\com\lihaoyi\sourcecode_3\0.4.3-M5\sourcecode_3-0.4.3-M5.jar;C:\Users\Om Panchal\AppData\Local\Coursier\cache\v1\https\repo1.maven.org\maven2\com\github\alexarchambault\case-app-annotations_3\2.1.0\case-app-annotations_3-2.1.0.jar;C:\Users\Om Panchal\AppData\Local\Coursier\cache\v1\https\repo1.maven.org\maven2\com\github\alexarchambault\case-app-util_3\2.1.0\case-app-util_3-2.1.0.jar;C:\Users\Om Panchal\AppData\Local\Coursier\cache\v1\https\repo1.maven.org\maven2\io\github\alexarchambault\scala-cli\tmp\zip-input-stream\0.1.1\zip-input-stream-0.1.1.jar;C:\Users\Om Panchal\AppData\Local\Coursier\cache\v1\https\repo1.maven.org\maven2\org\scala-lang\scala-library\2.13.18\scala-library-2.13.18.jar;C:\Users\Om Panchal\AppData\Local\Coursier\cache\v1\https\repo1.maven.org\maven2\io\get-coursier\coursier-cache_2.13\2.1.25-M23\coursier-cache_2.13-2.1.25-M23.jar;C:\Users\Om Panchal\AppData\Local\Coursier\cache\v1\https\repo1.maven.org\maven2\io\get-coursier\coursier-core_2.13\2.1.25-M23\coursier-core_2.13-2.1.25-M23.jar;C:\Users\Om Panchal\AppData\Local\Coursier\cache\v1\https\repo1.maven.org\maven2\com\google\guava\guava\33.5.0-jre\guava-33.5.0-jre.jar;C:\Users\Om Panchal\AppData\Local\Coursier\cache\v1\https\repo1.maven.org\maven2\net\java\dev\jna\jna\5.17.0\jna-5.17.0.jar;C:\Users\Om Panchal\AppData\Local\Coursier\cache\v1\https\repo1.maven.org\maven2\net\java\dev\jna\jna-platform\5.12.1\jna-platform-5.12.1.jar;C:\Users\Om Panchal\AppData\Local\Coursier\cache\v1\https\repo1.maven.org\maven2\org\scalameta\metaconfig-core_3\0.18.2\metaconfig-core_3-0.18.2.jar;C:\Users\Om Panchal\AppData\Local\Coursier\cache\v1\https\repo1.maven.org\maven2\com\typesafe\config\1.4.5\config-1.4.5.jar;C:\Users\Om Panchal\AppData\Local\Coursier\cache\v1\https\repo1.maven.org\maven2\org\scala-lang\modules\scala-collection-compat_3\2.14.0\scala-collection-compat_3-2.14.0.jar;C:\Users\Om Panchal\AppData\Local\Coursier\cache\v1\https\repo1.maven.org\maven2\commons-io\commons-io\2.20.0\commons-io-2.20.0.jar;C:\Users\Om Panchal\AppData\Local\Coursier\cache\v1\https\repo1.maven.org\maven2\com\google\cloud\tools\jib-core\0.27.3\jib-core-0.27.3.jar;C:\Users\Om Panchal\AppData\Local\Coursier\cache\v1\https\repo1.maven.org\maven2\com\lihaoyi\os-lib_3\0.11.8\os-lib_3-0.11.8.jar;C:\Users\Om Panchal\AppData\Local\Coursier\cache\v1\https\repo1.maven.org\maven2\org\bouncycastle\bcpg-jdk18on\1.83\bcpg-jdk18on-1.83.jar;C:\Users\Om Panchal\AppData\Local\Coursier\cache\v1\https\repo1.maven.org\maven2\org\bouncycastle\bcutil-jdk18on\1.83\bcutil-jdk18on-1.83.jar;C:\Users\Om Panchal\AppData\Local\Coursier\cache\v1\https\repo1.maven.org\maven2\org\virtuslab\scala-cli-signing\shared_3\0.2.13\shared_3-0.2.13.jar;C:\Users\Om Panchal\AppData\Local\Coursier\cache\v1\https\repo1.maven.org\maven2\org\slf4j\slf4j-api\2.0.17\slf4j-api-2.0.17.jar;C:\Users\Om Panchal\AppData\Local\Coursier\cache\v1\https\repo1.maven.org\maven2\com\softwaremill\sttp\model\core_3\1.7.11\core_3-1.7.11.jar;C:\Users\Om Panchal\AppData\Local\Coursier\cache\v1\https\repo1.maven.org\maven2\com\softwaremill\sttp\shared\core_3\1.3.22\core_3-1.3.22.jar;C:\Users\Om Panchal\AppData\Local\Coursier\cache\v1\https\repo1.maven.org\maven2\com\softwaremill\sttp\shared\ws_3\1.3.22\ws_3-1.3.22.jar;C:\Users\Om Panchal\AppData\Local\Coursier\cache\v1\https\repo1.maven.org\maven2\io\get-coursier\interface\1.0.28\interface-1.0.28.jar;C:\Users\Om Panchal\AppData\Local\Coursier\cache\v1\https\repo1.maven.org\maven2\org\ow2\asm\asm\9.9.1\asm-9.9.1.jar;C:\Users\Om Panchal\AppData\Local\Coursier\cache\v1\https\repo1.maven.org\maven2\org\virtuslab\scala-cli\java-class-name\java-class-name_3\0.1.9\java-class-name_3-0.1.9.jar;C:\Users\Om Panchal\AppData\Local\Coursier\cache\v1\https\repo1.maven.org\maven2\org\scalameta\semanticdb-shared_2.13\4.15.2\semanticdb-shared_2.13-4.15.2.jar;C:\Users\Om Panchal\AppData\Local\Coursier\cache\v1\https\repo1.maven.org\maven2\org\scala-native\test-runner_3\0.5.10\test-runner_3-0.5.10.jar;C:\Users\Om Panchal\AppData\Local\Coursier\cache\v1\https\repo1.maven.org\maven2\com\lihaoyi\pprint_3\0.9.5\pprint_3-0.9.5.jar;C:\Users\Om Panchal\AppData\Local\Coursier\cache\v1\https\repo1.maven.org\maven2\org\scala-js\scalajs-env-nodejs_3\1.5.0\scalajs-env-nodejs_3-1.5.0.jar;C:\Users\Om Panchal\AppData\Local\Coursier\cache\v1\https\repo1.maven.org\maven2\org\scala-js\scalajs-sbt-test-adapter_2.13\1.20.2\scalajs-sbt-test-adapter_2.13-1.20.2.jar;C:\Users\Om Panchal\AppData\Local\Coursier\cache\v1\https\repo1.maven.org\maven2\com\swoval\file-tree-views\2.1.12\file-tree-views-2.1.12.jar;C:\Users\Om Panchal\AppData\Local\Coursier\cache\v1\https\repo1.maven.org\maven2\org\virtuslab\scala-cli\zip-input-stream\zip-input-stream\0.1.3\zip-input-stream-0.1.3.jar;C:\Users\Om Panchal\AppData\Local\Coursier\cache\v1\https\repo1.maven.org\maven2\org\virtuslab\scala-cli\options_3\1.12.4\options_3-1.12.4.jar;C:\Users\Om Panchal\AppData\Local\Coursier\cache\v1\https\repo1.maven.org\maven2\org\virtuslab\scala-cli\directives_3\1.12.4\directives_3-1.12.4.jar;C:\Users\Om Panchal\AppData\Local\Coursier\cache\v1\https\repo1.maven.org\maven2\org\virtuslab\scala-cli\scala-cli-bsp\1.12.4\scala-cli-bsp-1.12.4.jar;C:\Users\Om Panchal\AppData\Local\Coursier\cache\v1\https\repo1.maven.org\maven2\org\virtuslab\scala-cli\test-runner_3\1.12.4\test-runner_3-1.12.4.jar;C:\Users\Om Panchal\AppData\Local\Coursier\cache\v1\https\repo1.maven.org\maven2\org\virtuslab\scala-cli\tasty-lib_3\1.12.4\tasty-lib_3-1.12.4.jar;C:\Users\Om Panchal\AppData\Local\Coursier\cache\v1\https\repo1.maven.org\maven2\io\github\alexarchambault\windows-ansi\windows-ansi\0.0.6\windows-ansi-0.0.6.jar;C:\Users\Om Panchal\AppData\Local\Coursier\cache\v1\https\repo1.maven.org\maven2\io\get-coursier\cache-util\2.1.25-M23\cache-util-2.1.25-M23.jar;C:\Users\Om Panchal\AppData\Local\Coursier\cache\v1\https\repo1.maven.org\maven2\io\get-coursier\coursier-paths\2.1.25-M23\coursier-paths-2.1.25-M23.jar;C:\Users\Om Panchal\AppData\Local\Coursier\cache\v1\https\repo1.maven.org\maven2\io\get-coursier\coursier-util_2.13\2.1.25-M23\coursier-util_2.13-2.1.25-M23.jar;C:\Users\Om Panchal\AppData\Local\Coursier\cache\v1\https\repo1.maven.org\maven2\io\get-coursier\versions_2.13\0.5.1\versions_2.13-0.5.1.jar;C:\Users\Om Panchal\AppData\Local\Coursier\cache\v1\https\repo1.maven.org\maven2\io\github\alexarchambault\concurrent-reference-hash-map\1.1.0\concurrent-reference-hash-map-1.1.0.jar;C:\Users\Om Panchal\AppData\Local\Coursier\cache\v1\https\repo1.maven.org\maven2\org\scala-lang\modules\scala-xml_2.13\2.4.0\scala-xml_2.13-2.4.0.jar;C:\Users\Om Panchal\AppData\Local\Coursier\cache\v1\https\repo1.maven.org\maven2\com\google\guava\failureaccess\1.0.3\failureaccess-1.0.3.jar;C:\Users\Om Panchal\AppData\Local\Coursier\cache\v1\https\repo1.maven.org\maven2\com\google\guava\listenablefuture\9999.0-empty-to-avoid-conflict-with-guava\listenablefuture-9999.0-empty-to-avoid-conflict-with-guava.jar;C:\Users\Om Panchal\AppData\Local\Coursier\cache\v1\https\repo1.maven.org\maven2\org\jspecify\jspecify\1.0.0\jspecify-1.0.0.jar;C:\Users\Om Panchal\AppData\Local\Coursier\cache\v1\https\repo1.maven.org\maven2\com\google\errorprone\error_prone_annotations\2.41.0\error_prone_annotations-2.41.0.jar;C:\Users\Om Panchal\AppData\Local\Coursier\cache\v1\https\repo1.maven.org\maven2\com\google\j2objc\j2objc-annotations\3.1\j2objc-annotations-3.1.jar;C:\Users\Om Panchal\AppData\Local\Coursier\cache\v1\https\repo1.maven.org\maven2\org\scalameta\metaconfig-pprint_3\0.18.2\metaconfig-pprint_3-0.18.2.jar;C:\Users\Om Panchal\AppData\Local\Coursier\cache\v1\https\repo1.maven.org\maven2\org\typelevel\paiges-core_3\0.4.4\paiges-core_3-0.4.4.jar;C:\Users\Om Panchal\AppData\Local\Coursier\cache\v1\https\repo1.maven.org\maven2\org\scala-lang\scala-reflect\2.13.18\scala-reflect-2.13.18.jar;C:\Users\Om Panchal\AppData\Local\Coursier\cache\v1\https\repo1.maven.org\maven2\com\google\cloud\tools\jib-build-plan\0.4.0\jib-build-plan-0.4.0.jar;C:\Users\Om Panchal\AppData\Local\Coursier\cache\v1\https\repo1.maven.org\maven2\com\google\http-client\google-http-client\1.42.2\google-http-client-1.42.2.jar;C:\Users\Om Panchal\AppData\Local\Coursier\cache\v1\https\repo1.maven.org\maven2\com\google\http-client\google-http-client-apache-v2\1.42.2\google-http-client-apache-v2-1.42.2.jar;C:\Users\Om Panchal\AppData\Local\Coursier\cache\v1\https\repo1.maven.org\maven2\com\google\auth\google-auth-library-oauth2-http\1.10.0\google-auth-library-oauth2-http-1.10.0.jar;C:\Users\Om Panchal\AppData\Local\Coursier\cache\v1\https\repo1.maven.org\maven2\org\apache\commons\commons-compress\1.28.0\commons-compress-1.28.0.jar;C:\Users\Om Panchal\AppData\Local\Coursier\cache\v1\https\repo1.maven.org\maven2\com\fasterxml\jackson\core\jackson-databind\2.15.2\jackson-databind-2.15.2.jar;C:\Users\Om Panchal\AppData\Local\Coursier\cache\v1\https\repo1.maven.org\maven2\com\fasterxml\jackson\datatype\jackson-datatype-jsr310\2.15.2\jackson-datatype-jsr310-2.15.2.jar;C:\Users\Om Panchal\AppData\Local\Coursier\cache\v1\https\repo1.maven.org\maven2\com\lihaoyi\geny_3\1.1.1\geny_3-1.1.1.jar;C:\Users\Om Panchal\AppData\Local\Coursier\cache\v1\https\repo1.maven.org\maven2\com\lihaoyi\os-zip\0.11.8\os-zip-0.11.8.jar;C:\Users\Om Panchal\AppData\Local\Coursier\cache\v1\https\repo1.maven.org\maven2\org\bouncycastle\bcprov-jdk18on\1.83\bcprov-jdk18on-1.83.jar;C:\Users\Om Panchal\AppData\Local\Coursier\cache\v1\https\repo1.maven.org\maven2\org\jline\jline-terminal-jni\3.25.0\jline-terminal-jni-3.25.0.jar;C:\Users\Om Panchal\AppData\Local\Coursier\cache\v1\https\repo1.maven.org\maven2\org\jline\jline-native\3.25.0\jline-native-3.25.0.jar;C:\Users\Om Panchal\AppData\Local\Coursier\cache\v1\https\repo1.maven.org\maven2\org\scala-lang\scala3-compiler_3\3.3.7\scala3-compiler_3-3.3.7.jar;C:\Users\Om Panchal\AppData\Local\Coursier\cache\v1\https\repo1.maven.org\maven2\org\scalameta\scalameta_2.13\4.15.2\scalameta_2.13-4.15.2.jar;C:\Users\Om Panchal\AppData\Local\Coursier\cache\v1\https\repo1.maven.org\maven2\org\scala-lang\scalap\2.13.15\scalap-2.13.15.jar;C:\Users\Om Panchal\AppData\Local\Coursier\cache\v1\https\repo1.maven.org\maven2\com\thesamet\scalapb\scalapb-runtime_2.13\0.11.17\scalapb-runtime_2.13-0.11.17.jar;C:\Users\Om Panchal\AppData\Local\Coursier\cache\v1\https\repo1.maven.org\maven2\org\scala-native\tools_3\0.5.10\tools_3-0.5.10.jar;C:\Users\Om Panchal\AppData\Local\Coursier\cache\v1\https\repo1.maven.org\maven2\org\scala-sbt\test-interface\1.0\test-interface-1.0.jar;C:\Users\Om Panchal\AppData\Local\Coursier\cache\v1\https\repo1.maven.org\maven2\com\lihaoyi\fansi_3\0.5.1\fansi_3-0.5.1.jar;C:\Users\Om Panchal\AppData\Local\Coursier\cache\v1\https\repo1.maven.org\maven2\org\scala-js\scalajs-js-envs_3\1.5.0\scalajs-js-envs_3-1.5.0.jar;C:\Users\Om Panchal\AppData\Local\Coursier\cache\v1\https\repo1.maven.org\maven2\ch\epfl\scala\bloop-config_2.13\2.3.3\bloop-config_2.13-2.3.3.jar;C:\Users\Om Panchal\AppData\Local\Coursier\cache\v1\https\repo1.maven.org\maven2\org\virtuslab\scala-cli\core_3\1.12.4\core_3-1.12.4.jar;C:\Users\Om Panchal\AppData\Local\Coursier\cache\v1\https\repo1.maven.org\maven2\org\virtuslab\using_directives\1.1.4\using_directives-1.1.4.jar;C:\Users\Om Panchal\AppData\Local\Coursier\cache\v1\https\repo1.maven.org\maven2\org\virtuslab\scala-cli\build-macros_3\1.12.4\build-macros_3-1.12.4.jar;C:\Users\Om Panchal\AppData\Local\Coursier\cache\v1\https\repo1.maven.org\maven2\ch\epfl\scala\bsp4j\2.1.1\bsp4j-2.1.1.jar;C:\Users\Om Panchal\AppData\Local\Coursier\cache\v1\https\repo1.maven.org\maven2\org\fusesource\jansi\jansi\2.4.1\jansi-2.4.1.jar;C:\Users\Om Panchal\AppData\Local\Coursier\cache\v1\https\repo1.maven.org\maven2\io\github\alexarchambault\is-terminal\0.1.2\is-terminal-0.1.2.jar;C:\Users\Om Panchal\AppData\Local\Coursier\cache\v1\https\repo1.maven.org\maven2\org\apache\httpcomponents\httpclient\4.5.13\httpclient-4.5.13.jar;C:\Users\Om Panchal\AppData\Local\Coursier\cache\v1\https\repo1.maven.org\maven2\org\apache\httpcomponents\httpcore\4.4.15\httpcore-4.4.15.jar;C:\Users\Om Panchal\AppData\Local\Coursier\cache\v1\https\repo1.maven.org\maven2\com\google\code\findbugs\jsr305\3.0.2\jsr305-3.0.2.jar;C:\Users\Om Panchal\AppData\Local\Coursier\cache\v1\https\repo1.maven.org\maven2\io\opencensus\opencensus-api\0.31.1\opencensus-api-0.31.1.jar;C:\Users\Om Panchal\AppData\Local\Coursier\cache\v1\https\repo1.maven.org\maven2\io\opencensus\opencensus-contrib-http-util\0.31.1\opencensus-contrib-http-util-0.31.1.jar;C:\Users\Om Panchal\AppData\Local\Coursier\cache\v1\https\repo1.maven.org\maven2\com\google\auto\value\auto-value-annotations\1.9\auto-value-annotations-1.9.jar;C:\Users\Om Panchal\AppData\Local\Coursier\cache\v1\https\repo1.maven.org\maven2\com\google\auth\google-auth-library-credentials\1.10.0\google-auth-library-credentials-1.10.0.jar;C:\Users\Om Panchal\AppData\Local\Coursier\cache\v1\https\repo1.maven.org\maven2\com\google\http-client\google-http-client-gson\1.42.2\google-http-client-gson-1.42.2.jar;C:\Users\Om Panchal\AppData\Local\Coursier\cache\v1\https\repo1.maven.org\maven2\commons-codec\commons-codec\1.20.0\commons-codec-1.20.0.jar;C:\Users\Om Panchal\AppData\Local\Coursier\cache\v1\https\repo1.maven.org\maven2\org\apache\commons\commons-lang3\3.18.0\commons-lang3-3.18.0.jar;C:\Users\Om Panchal\AppData\Local\Coursier\cache\v1\https\repo1.maven.org\maven2\com\fasterxml\jackson\core\jackson-annotations\2.15.2\jackson-annotations-2.15.2.jar;C:\Users\Om Panchal\AppData\Local\Coursier\cache\v1\https\repo1.maven.org\maven2\com\fasterxml\jackson\core\jackson-core\2.15.2\jackson-core-2.15.2.jar;C:\Users\Om Panchal\AppData\Local\Coursier\cache\v1\https\repo1.maven.org\maven2\org\scala-lang\scala3-interfaces\3.3.7\scala3-interfaces-3.3.7.jar;C:\Users\Om Panchal\AppData\Local\Coursier\cache\v1\https\repo1.maven.org\maven2\org\scala-lang\tasty-core_3\3.3.7\tasty-core_3-3.3.7.jar;C:\Users\Om Panchal\AppData\Local\Coursier\cache\v1\https\repo1.maven.org\maven2\org\scala-lang\modules\scala-asm\9.8.0-scala-1\scala-asm-9.8.0-scala-1.jar;C:\Users\Om Panchal\AppData\Local\Coursier\cache\v1\https\repo1.maven.org\maven2\org\scala-sbt\compiler-interface\1.10.7\compiler-interface-1.10.7.jar;C:\Users\Om Panchal\AppData\Local\Coursier\cache\v1\https\repo1.maven.org\maven2\org\scalameta\parsers_2.13\4.15.2\parsers_2.13-4.15.2.jar;C:\Users\Om Panchal\AppData\Local\Coursier\cache\v1\https\repo1.maven.org\maven2\org\scala-lang\scala-compiler\2.13.15\scala-compiler-2.13.15.jar;C:\Users\Om Panchal\AppData\Local\Coursier\cache\v1\https\repo1.maven.org\maven2\com\thesamet\scalapb\lenses_2.13\0.11.17\lenses_2.13-0.11.17.jar;C:\Users\Om Panchal\AppData\Local\Coursier\cache\v1\https\repo1.maven.org\maven2\com\google\protobuf\protobuf-java\3.19.6\protobuf-java-3.19.6.jar;C:\Users\Om Panchal\AppData\Local\Coursier\cache\v1\https\repo1.maven.org\maven2\org\scala-native\nir_3\0.5.10\nir_3-0.5.10.jar;C:\Users\Om Panchal\AppData\Local\Coursier\cache\v1\https\repo1.maven.org\maven2\org\scala-native\util_3\0.5.10\util_3-0.5.10.jar;C:\Users\Om Panchal\AppData\Local\Coursier\cache\v1\https\repo1.maven.org\maven2\org\scala-js\scalajs-logging_3\1.2.0\scalajs-logging_3-1.2.0.jar;C:\Users\Om Panchal\AppData\Local\Coursier\cache\v1\https\repo1.maven.org\maven2\com\lihaoyi\unroll-annotation_2.13\0.1.12\unroll-annotation_2.13-0.1.12.jar;C:\Users\Om Panchal\AppData\Local\Coursier\cache\v1\https\repo1.maven.org\maven2\ch\epfl\scala\bloop-rifle_2.13\2.0.19\bloop-rifle_2.13-2.0.19.jar;C:\Users\Om Panchal\AppData\Local\Coursier\cache\v1\https\repo1.maven.org\maven2\io\get-coursier\coursier-jvm_2.13\2.1.25-M23\coursier-jvm_2.13-2.1.25-M23.jar;C:\Users\Om Panchal\AppData\Local\Coursier\cache\v1\https\repo1.maven.org\maven2\io\get-coursier\dependency_3\0.3.2\dependency_3-0.3.2.jar;C:\Users\Om Panchal\AppData\Local\Coursier\cache\v1\https\repo1.maven.org\maven2\org\eclipse\jgit\org.eclipse.jgit\7.5.0.202512021534-r\org.eclipse.jgit-7.5.0.202512021534-r.jar;C:\Users\Om Panchal\AppData\Local\Coursier\cache\v1\https\repo1.maven.org\maven2\org\scala-js\scalajs-env-jsdom-nodejs_2.13\1.1.1\scalajs-env-jsdom-nodejs_2.13-1.1.1.jar;C:\Users\Om Panchal\AppData\Local\Coursier\cache\v1\https\repo1.maven.org\maven2\org\eclipse\lsp4j\org.eclipse.lsp4j.generator\0.20.1\org.eclipse.lsp4j.generator-0.20.1.jar;C:\Users\Om Panchal\AppData\Local\Coursier\cache\v1\https\repo1.maven.org\maven2\org\eclipse\lsp4j\org.eclipse.lsp4j.jsonrpc\0.20.1\org.eclipse.lsp4j.jsonrpc-0.20.1.jar;C:\Users\Om Panchal\AppData\Local\Coursier\cache\v1\https\repo1.maven.org\maven2\commons-logging\commons-logging\1.2\commons-logging-1.2.jar;C:\Users\Om Panchal\AppData\Local\Coursier\cache\v1\https\repo1.maven.org\maven2\io\grpc\grpc-context\1.27.2\grpc-context-1.27.2.jar;C:\Users\Om Panchal\AppData\Local\Coursier\cache\v1\https\repo1.maven.org\maven2\com\google\code\gson\gson\2.10.1\gson-2.10.1.jar;C:\Users\Om Panchal\AppData\Local\Coursier\cache\v1\https\repo1.maven.org\maven2\org\scala-sbt\util-interface\1.10.7\util-interface-1.10.7.jar;C:\Users\Om Panchal\AppData\Local\Coursier\cache\v1\https\repo1.maven.org\maven2\org\scalameta\trees_2.13\4.15.2\trees_2.13-4.15.2.jar;C:\Users\Om Panchal\AppData\Local\Coursier\cache\v1\https\repo1.maven.org\maven2\io\github\java-diff-utils\java-diff-utils\4.12\java-diff-utils-4.12.jar;C:\Users\Om Panchal\AppData\Local\Coursier\cache\v1\https\repo1.maven.org\maven2\ch\epfl\scala\libdaemon_2.13\0.0.12\libdaemon_2.13-0.0.12.jar;C:\Users\Om Panchal\AppData\Local\Coursier\cache\v1\https\repo1.maven.org\maven2\io\github\alexarchambault\scala-cli\snailgun\snailgun-core_2.13\0.4.1-sc2\snailgun-core_2.13-0.4.1-sc2.jar;C:\Users\Om Panchal\AppData\Local\Coursier\cache\v1\https\repo1.maven.org\maven2\io\get-coursier\coursier_2.13\2.1.25-M23\coursier_2.13-2.1.25-M23.jar;C:\Users\Om Panchal\AppData\Local\Coursier\cache\v1\https\repo1.maven.org\maven2\io\get-coursier\coursier-archive-cache_2.13\2.1.25-M23\coursier-archive-cache_2.13-2.1.25-M23.jar;C:\Users\Om Panchal\AppData\Local\Coursier\cache\v1\https\repo1.maven.org\maven2\io\get-coursier\coursier-env_2.13\2.1.25-M23\coursier-env_2.13-2.1.25-M23.jar;C:\Users\Om Panchal\AppData\Local\Coursier\cache\v1\https\repo1.maven.org\maven2\io\get-coursier\coursier-exec\2.1.25-M23\coursier-exec-2.1.25-M23.jar;C:\Users\Om Panchal\AppData\Local\Coursier\cache\v1\https\repo1.maven.org\maven2\com\googlecode\javaewah\JavaEWAH\1.2.3\JavaEWAH-1.2.3.jar;C:\Users\Om Panchal\AppData\Local\Coursier\cache\v1\https\repo1.maven.org\maven2\org\eclipse\xtend\org.eclipse.xtend.lib\2.28.0\org.eclipse.xtend.lib-2.28.0.jar;C:\Users\Om Panchal\AppData\Local\Coursier\cache\v1\https\repo1.maven.org\maven2\org\scalameta\common_2.13\4.15.2\common_2.13-4.15.2.jar;C:\Users\Om Panchal\AppData\Local\Coursier\cache\v1\https\repo1.maven.org\maven2\org\scalameta\io_2.13\4.15.2\io_2.13-4.15.2.jar;C:\Users\Om Panchal\AppData\Local\Coursier\cache\v1\https\repo1.maven.org\maven2\org\codehaus\plexus\plexus-archiver\4.10.1\plexus-archiver-4.10.1.jar;C:\Users\Om Panchal\AppData\Local\Coursier\cache\v1\https\repo1.maven.org\maven2\org\codehaus\plexus\plexus-container-default\2.1.1\plexus-container-default-2.1.1.jar;C:\Users\Om Panchal\AppData\Local\Coursier\cache\v1\https\repo1.maven.org\maven2\org\apache\tika\tika-core\3.2.3\tika-core-3.2.3.jar;C:\Users\Om Panchal\AppData\Local\Coursier\cache\v1\https\repo1.maven.org\maven2\com\github\luben\zstd-jni\1.5.7-4\zstd-jni-1.5.7-4.jar;C:\Users\Om Panchal\AppData\Local\Coursier\cache\v1\https\repo1.maven.org\maven2\org\eclipse\xtext\org.eclipse.xtext.xbase.lib\2.28.0\org.eclipse.xtext.xbase.lib-2.28.0.jar;C:\Users\Om Panchal\AppData\Local\Coursier\cache\v1\https\repo1.maven.org\maven2\org\eclipse\xtend\org.eclipse.xtend.lib.macro\2.28.0\org.eclipse.xtend.lib.macro-2.28.0.jar;C:\Users\Om Panchal\AppData\Local\Coursier\cache\v1\https\repo1.maven.org\maven2\javax\inject\javax.inject\1\javax.inject-1.jar;C:\Users\Om Panchal\AppData\Local\Coursier\cache\v1\https\repo1.maven.org\maven2\org\codehaus\plexus\plexus-utils\4.0.2\plexus-utils-4.0.2.jar;C:\Users\Om Panchal\AppData\Local\Coursier\cache\v1\https\repo1.maven.org\maven2\org\codehaus\plexus\plexus-io\3.5.1\plexus-io-3.5.1.jar;C:\Users\Om Panchal\AppData\Local\Coursier\cache\v1\https\repo1.maven.org\maven2\io\airlift\aircompressor\0.27\aircompressor-0.27.jar;C:\Users\Om Panchal\AppData\Local\Coursier\cache\v1\https\repo1.maven.org\maven2\org\tukaani\xz\1.10\xz-1.10.jar;C:\Users\Om Panchal\AppData\Local\Coursier\cache\v1\https\repo1.maven.org\maven2\org\codehaus\plexus\plexus-classworlds\2.6.0\plexus-classworlds-2.6.0.jar;C:\Users\Om Panchal\AppData\Local\Coursier\cache\v1\https\repo1.maven.org\maven2\org\apache\xbean\xbean-reflect\3.7\xbean-reflect-3.7.jar, scala.cli.ScalaCli, bsp, C:\Users\Om Panchal\OneDrive\Pictures\ドキュメント\GitHub\75_DSA_Problems_solved)
2026.07.13 17:43:24 INFO  tracing is disabled for protocol BSP, to enable tracing of incoming and outgoing JSON messages create an empty file at C:\Users\Om Panchal\OneDrive\Pictures\ドキュメント\GitHub\75_DSA_Problems_solved\.metals\bsp.trace.json or C:\Users\Om Panchal\AppData\Local\scalameta\metals\cache\bsp.trace.json
2026.07.13 17:43:24 INFO  Scala CLI: WARNING: A terminally deprecated method in sun.misc.Unsafe has been called
2026.07.13 17:43:24 INFO  Scala CLI: WARNING: sun.misc.Unsafe::objectFieldOffset has been called by scala.runtime.LazyVals$ (file:/C:/Users/Om%20Panchal/AppData/Local/Coursier/cache/v1/https/repo1.maven.org/maven2/org/scala-lang/scala3-library_3/3.3.7/scala3-library_3-3.3.7.jar)
2026.07.13 17:43:24 INFO  Scala CLI: WARNING: Please consider reporting this to the maintainers of class scala.runtime.LazyVals$
2026.07.13 17:43:24 INFO  Scala CLI: WARNING: sun.misc.Unsafe::objectFieldOffset will be removed in a future release
2026.07.13 17:43:24 INFO  Scala CLI: WARNING: A restricted method in java.lang.System has been called
2026.07.13 17:43:24 INFO  Scala CLI: WARNING: java.lang.System::load has been called by coursier.jniutils.LoadWindowsLibrary in an unnamed module (file:/C:/Users/Om%20Panchal/AppData/Local/Coursier/cache/v1/https/repo1.maven.org/maven2/io/get-coursier/jniutils/windows-jni-utils/0.3.3/windows-jni-utils-0.3.3.jar)
2026.07.13 17:43:24 INFO  Scala CLI: WARNING: Use --enable-native-access=ALL-UNNAMED to avoid a warning for callers in this module
2026.07.13 17:43:24 INFO  Scala CLI: WARNING: Restricted methods will be blocked in a future release unless native access is enabled
2026.07.13 17:43:24 INFO  Scala CLI: 
2026.07.13 17:43:28 INFO  Scala CLI: Error: java.nio.file.InvalidPathException: Illegal char <?> at index 38: C:\Users\Om Panchal\OneDrive\Pictures\??????\GitHub\75_DSA_Problems_solved
2026.07.13 17:43:28 INFO  Scala CLI: For more details, please see 'C:\Users\Om Panchal\OneDrive\Pictures\??????\GitHub\75_DSA_Problems_solved\.scala-build\stacktraces\1783944808-293871333550821513.log'
2026.07.13 17:44:24 ERROR Timeout waiting for 'build/initialize' response
2026.07.13 17:44:24 WARN  Retrying connection to the build server Scala CLI
2026.07.13 17:44:24 INFO  Running List(C:\Program Files\Java\jdk-24\bin\java.exe, -cp, C:\Users\Om Panchal\AppData\Local\Coursier\cache\v1\https\repo1.maven.org\maven2\org\virtuslab\scala-cli\cli_3\1.12.4\cli_3-1.12.4.jar;C:\Users\Om Panchal\AppData\Local\Coursier\cache\v1\https\repo1.maven.org\maven2\com\github\alexarchambault\case-app_3\2.1.0\case-app_3-2.1.0.jar;C:\Users\Om Panchal\AppData\Local\Coursier\cache\v1\https\repo1.maven.org\maven2\io\get-coursier\coursier-launcher_2.13\2.1.25-M23\coursier-launcher_2.13-2.1.25-M23.jar;C:\Users\Om Panchal\AppData\Local\Coursier\cache\v1\https\repo1.maven.org\maven2\io\get-coursier\coursier-proxy-setup\2.1.25-M23\coursier-proxy-setup-2.1.25-M23.jar;C:\Users\Om Panchal\AppData\Local\Coursier\cache\v1\https\repo1.maven.org\maven2\io\get-coursier\publish\publish_3\0.4.4\publish_3-0.4.4.jar;C:\Users\Om Panchal\AppData\Local\Coursier\cache\v1\https\repo1.maven.org\maven2\com\google\jimfs\jimfs\1.3.1\jimfs-1.3.1.jar;C:\Users\Om Panchal\AppData\Local\Coursier\cache\v1\https\repo1.maven.org\maven2\io\get-coursier\jniutils\windows-jni-utils\0.3.3\windows-jni-utils-0.3.3.jar;C:\Users\Om Panchal\AppData\Local\Coursier\cache\v1\https\repo1.maven.org\maven2\com\github\plokhotnyuk\jsoniter-scala\jsoniter-scala-core_3\2.38.8\jsoniter-scala-core_3-2.38.8.jar;C:\Users\Om Panchal\AppData\Local\Coursier\cache\v1\https\repo1.maven.org\maven2\org\virtuslab\scala-cli\libsodiumjni\0.0.4\libsodiumjni-0.0.4.jar;C:\Users\Om Panchal\AppData\Local\Coursier\cache\v1\https\repo1.maven.org\maven2\org\scalameta\metaconfig-typesafe-config_3\0.18.2\metaconfig-typesafe-config_3-0.18.2.jar;C:\Users\Om Panchal\AppData\Local\Coursier\cache\v1\https\repo1.maven.org\maven2\ai\kien\python-native-libs_3\0.2.5\python-native-libs_3-0.2.5.jar;C:\Users\Om Panchal\AppData\Local\Coursier\cache\v1\https\repo1.maven.org\maven2\org\virtuslab\scala-packager_3\0.2.1\scala-packager_3-0.2.1.jar;C:\Users\Om Panchal\AppData\Local\Coursier\cache\v1\https\repo1.maven.org\maven2\org\virtuslab\scala-cli-signing\cli_3\0.2.13\cli_3-0.2.13.jar;C:\Users\Om Panchal\AppData\Local\Coursier\cache\v1\https\repo1.maven.org\maven2\org\slf4j\slf4j-nop\2.0.17\slf4j-nop-2.0.17.jar;C:\Users\Om Panchal\AppData\Local\Coursier\cache\v1\https\repo1.maven.org\maven2\com\softwaremill\sttp\client3\core_3\3.11.0\core_3-3.11.0.jar;C:\Users\Om Panchal\AppData\Local\Coursier\cache\v1\https\repo1.maven.org\maven2\ch\epfl\scala\scalafix-interfaces\0.14.5\scalafix-interfaces-0.14.5.jar;C:\Users\Om Panchal\AppData\Local\Coursier\cache\v1\https\repo1.maven.org\maven2\org\virtuslab\scala-cli\scala3-graal_3\1.9.1\scala3-graal_3-1.9.1.jar;C:\Users\Om Panchal\AppData\Local\Coursier\cache\v1\https\repo1.maven.org\maven2\org\virtuslab\scala-cli\scala3-graal-processor_3\1.9.1\scala3-graal-processor_3-1.9.1.jar;C:\Users\Om Panchal\AppData\Local\Coursier\cache\v1\https\repo1.maven.org\maven2\org\scala-lang\scala3-library_3\3.3.7\scala3-library_3-3.3.7.jar;C:\Users\Om Panchal\AppData\Local\Coursier\cache\v1\https\repo1.maven.org\maven2\org\virtuslab\scala-cli\build-module_3\1.12.4\build-module_3-1.12.4.jar;C:\Users\Om Panchal\AppData\Local\Coursier\cache\v1\https\repo1.maven.org\maven2\org\virtuslab\scala-cli\config_3\1.12.4\config_3-1.12.4.jar;C:\Users\Om Panchal\AppData\Local\Coursier\cache\v1\https\repo1.maven.org\maven2\org\virtuslab\scala-cli\specification-level_3\1.12.4\specification-level_3-1.12.4.jar;C:\Users\Om Panchal\AppData\Local\Coursier\cache\v1\https\repo1.maven.org\maven2\com\lihaoyi\sourcecode_3\0.4.3-M5\sourcecode_3-0.4.3-M5.jar;C:\Users\Om Panchal\AppData\Local\Coursier\cache\v1\https\repo1.maven.org\maven2\com\github\alexarchambault\case-app-annotations_3\2.1.0\case-app-annotations_3-2.1.0.jar;C:\Users\Om Panchal\AppData\Local\Coursier\cache\v1\https\repo1.maven.org\maven2\com\github\alexarchambault\case-app-util_3\2.1.0\case-app-util_3-2.1.0.jar;C:\Users\Om Panchal\AppData\Local\Coursier\cache\v1\https\repo1.maven.org\maven2\io\github\alexarchambault\scala-cli\tmp\zip-input-stream\0.1.1\zip-input-stream-0.1.1.jar;C:\Users\Om Panchal\AppData\Local\Coursier\cache\v1\https\repo1.maven.org\maven2\org\scala-lang\scala-library\2.13.18\scala-library-2.13.18.jar;C:\Users\Om Panchal\AppData\Local\Coursier\cache\v1\https\repo1.maven.org\maven2\io\get-coursier\coursier-cache_2.13\2.1.25-M23\coursier-cache_2.13-2.1.25-M23.jar;C:\Users\Om Panchal\AppData\Local\Coursier\cache\v1\https\repo1.maven.org\maven2\io\get-coursier\coursier-core_2.13\2.1.25-M23\coursier-core_2.13-2.1.25-M23.jar;C:\Users\Om Panchal\AppData\Local\Coursier\cache\v1\https\repo1.maven.org\maven2\com\google\guava\guava\33.5.0-jre\guava-33.5.0-jre.jar;C:\Users\Om Panchal\AppData\Local\Coursier\cache\v1\https\repo1.maven.org\maven2\net\java\dev\jna\jna\5.17.0\jna-5.17.0.jar;C:\Users\Om Panchal\AppData\Local\Coursier\cache\v1\https\repo1.maven.org\maven2\net\java\dev\jna\jna-platform\5.12.1\jna-platform-5.12.1.jar;C:\Users\Om Panchal\AppData\Local\Coursier\cache\v1\https\repo1.maven.org\maven2\org\scalameta\metaconfig-core_3\0.18.2\metaconfig-core_3-0.18.2.jar;C:\Users\Om Panchal\AppData\Local\Coursier\cache\v1\https\repo1.maven.org\maven2\com\typesafe\config\1.4.5\config-1.4.5.jar;C:\Users\Om Panchal\AppData\Local\Coursier\cache\v1\https\repo1.maven.org\maven2\org\scala-lang\modules\scala-collection-compat_3\2.14.0\scala-collection-compat_3-2.14.0.jar;C:\Users\Om Panchal\AppData\Local\Coursier\cache\v1\https\repo1.maven.org\maven2\commons-io\commons-io\2.20.0\commons-io-2.20.0.jar;C:\Users\Om Panchal\AppData\Local\Coursier\cache\v1\https\repo1.maven.org\maven2\com\google\cloud\tools\jib-core\0.27.3\jib-core-0.27.3.jar;C:\Users\Om Panchal\AppData\Local\Coursier\cache\v1\https\repo1.maven.org\maven2\com\lihaoyi\os-lib_3\0.11.8\os-lib_3-0.11.8.jar;C:\Users\Om Panchal\AppData\Local\Coursier\cache\v1\https\repo1.maven.org\maven2\org\bouncycastle\bcpg-jdk18on\1.83\bcpg-jdk18on-1.83.jar;C:\Users\Om Panchal\AppData\Local\Coursier\cache\v1\https\repo1.maven.org\maven2\org\bouncycastle\bcutil-jdk18on\1.83\bcutil-jdk18on-1.83.jar;C:\Users\Om Panchal\AppData\Local\Coursier\cache\v1\https\repo1.maven.org\maven2\org\virtuslab\scala-cli-signing\shared_3\0.2.13\shared_3-0.2.13.jar;C:\Users\Om Panchal\AppData\Local\Coursier\cache\v1\https\repo1.maven.org\maven2\org\slf4j\slf4j-api\2.0.17\slf4j-api-2.0.17.jar;C:\Users\Om Panchal\AppData\Local\Coursier\cache\v1\https\repo1.maven.org\maven2\com\softwaremill\sttp\model\core_3\1.7.11\core_3-1.7.11.jar;C:\Users\Om Panchal\AppData\Local\Coursier\cache\v1\https\repo1.maven.org\maven2\com\softwaremill\sttp\shared\core_3\1.3.22\core_3-1.3.22.jar;C:\Users\Om Panchal\AppData\Local\Coursier\cache\v1\https\repo1.maven.org\maven2\com\softwaremill\sttp\shared\ws_3\1.3.22\ws_3-1.3.22.jar;C:\Users\Om Panchal\AppData\Local\Coursier\cache\v1\https\repo1.maven.org\maven2\io\get-coursier\interface\1.0.28\interface-1.0.28.jar;C:\Users\Om Panchal\AppData\Local\Coursier\cache\v1\https\repo1.maven.org\maven2\org\ow2\asm\asm\9.9.1\asm-9.9.1.jar;C:\Users\Om Panchal\AppData\Local\Coursier\cache\v1\https\repo1.maven.org\maven2\org\virtuslab\scala-cli\java-class-name\java-class-name_3\0.1.9\java-class-name_3-0.1.9.jar;C:\Users\Om Panchal\AppData\Local\Coursier\cache\v1\https\repo1.maven.org\maven2\org\scalameta\semanticdb-shared_2.13\4.15.2\semanticdb-shared_2.13-4.15.2.jar;C:\Users\Om Panchal\AppData\Local\Coursier\cache\v1\https\repo1.maven.org\maven2\org\scala-native\test-runner_3\0.5.10\test-runner_3-0.5.10.jar;C:\Users\Om Panchal\AppData\Local\Coursier\cache\v1\https\repo1.maven.org\maven2\com\lihaoyi\pprint_3\0.9.5\pprint_3-0.9.5.jar;C:\Users\Om Panchal\AppData\Local\Coursier\cache\v1\https\repo1.maven.org\maven2\org\scala-js\scalajs-env-nodejs_3\1.5.0\scalajs-env-nodejs_3-1.5.0.jar;C:\Users\Om Panchal\AppData\Local\Coursier\cache\v1\https\repo1.maven.org\maven2\org\scala-js\scalajs-sbt-test-adapter_2.13\1.20.2\scalajs-sbt-test-adapter_2.13-1.20.2.jar;C:\Users\Om Panchal\AppData\Local\Coursier\cache\v1\https\repo1.maven.org\maven2\com\swoval\file-tree-views\2.1.12\file-tree-views-2.1.12.jar;C:\Users\Om Panchal\AppData\Local\Coursier\cache\v1\https\repo1.maven.org\maven2\org\virtuslab\scala-cli\zip-input-stream\zip-input-stream\0.1.3\zip-input-stream-0.1.3.jar;C:\Users\Om Panchal\AppData\Local\Coursier\cache\v1\https\repo1.maven.org\maven2\org\virtuslab\scala-cli\options_3\1.12.4\options_3-1.12.4.jar;C:\Users\Om Panchal\AppData\Local\Coursier\cache\v1\https\repo1.maven.org\maven2\org\virtuslab\scala-cli\directives_3\1.12.4\directives_3-1.12.4.jar;C:\Users\Om Panchal\AppData\Local\Coursier\cache\v1\https\repo1.maven.org\maven2\org\virtuslab\scala-cli\scala-cli-bsp\1.12.4\scala-cli-bsp-1.12.4.jar;C:\Users\Om Panchal\AppData\Local\Coursier\cache\v1\https\repo1.maven.org\maven2\org\virtuslab\scala-cli\test-runner_3\1.12.4\test-runner_3-1.12.4.jar;C:\Users\Om Panchal\AppData\Local\Coursier\cache\v1\https\repo1.maven.org\maven2\org\virtuslab\scala-cli\tasty-lib_3\1.12.4\tasty-lib_3-1.12.4.jar;C:\Users\Om Panchal\AppData\Local\Coursier\cache\v1\https\repo1.maven.org\maven2\io\github\alexarchambault\windows-ansi\windows-ansi\0.0.6\windows-ansi-0.0.6.jar;C:\Users\Om Panchal\AppData\Local\Coursier\cache\v1\https\repo1.maven.org\maven2\io\get-coursier\cache-util\2.1.25-M23\cache-util-2.1.25-M23.jar;C:\Users\Om Panchal\AppData\Local\Coursier\cache\v1\https\repo1.maven.org\maven2\io\get-coursier\coursier-paths\2.1.25-M23\coursier-paths-2.1.25-M23.jar;C:\Users\Om Panchal\AppData\Local\Coursier\cache\v1\https\repo1.maven.org\maven2\io\get-coursier\coursier-util_2.13\2.1.25-M23\coursier-util_2.13-2.1.25-M23.jar;C:\Users\Om Panchal\AppData\Local\Coursier\cache\v1\https\repo1.maven.org\maven2\io\get-coursier\versions_2.13\0.5.1\versions_2.13-0.5.1.jar;C:\Users\Om Panchal\AppData\Local\Coursier\cache\v1\https\repo1.maven.org\maven2\io\github\alexarchambault\concurrent-reference-hash-map\1.1.0\concurrent-reference-hash-map-1.1.0.jar;C:\Users\Om Panchal\AppData\Local\Coursier\cache\v1\https\repo1.maven.org\maven2\org\scala-lang\modules\scala-xml_2.13\2.4.0\scala-xml_2.13-2.4.0.jar;C:\Users\Om Panchal\AppData\Local\Coursier\cache\v1\https\repo1.maven.org\maven2\com\google\guava\failureaccess\1.0.3\failureaccess-1.0.3.jar;C:\Users\Om Panchal\AppData\Local\Coursier\cache\v1\https\repo1.maven.org\maven2\com\google\guava\listenablefuture\9999.0-empty-to-avoid-conflict-with-guava\listenablefuture-9999.0-empty-to-avoid-conflict-with-guava.jar;C:\Users\Om Panchal\AppData\Local\Coursier\cache\v1\https\repo1.maven.org\maven2\org\jspecify\jspecify\1.0.0\jspecify-1.0.0.jar;C:\Users\Om Panchal\AppData\Local\Coursier\cache\v1\https\repo1.maven.org\maven2\com\google\errorprone\error_prone_annotations\2.41.0\error_prone_annotations-2.41.0.jar;C:\Users\Om Panchal\AppData\Local\Coursier\cache\v1\https\repo1.maven.org\maven2\com\google\j2objc\j2objc-annotations\3.1\j2objc-annotations-3.1.jar;C:\Users\Om Panchal\AppData\Local\Coursier\cache\v1\https\repo1.maven.org\maven2\org\scalameta\metaconfig-pprint_3\0.18.2\metaconfig-pprint_3-0.18.2.jar;C:\Users\Om Panchal\AppData\Local\Coursier\cache\v1\https\repo1.maven.org\maven2\org\typelevel\paiges-core_3\0.4.4\paiges-core_3-0.4.4.jar;C:\Users\Om Panchal\AppData\Local\Coursier\cache\v1\https\repo1.maven.org\maven2\org\scala-lang\scala-reflect\2.13.18\scala-reflect-2.13.18.jar;C:\Users\Om Panchal\AppData\Local\Coursier\cache\v1\https\repo1.maven.org\maven2\com\google\cloud\tools\jib-build-plan\0.4.0\jib-build-plan-0.4.0.jar;C:\Users\Om Panchal\AppData\Local\Coursier\cache\v1\https\repo1.maven.org\maven2\com\google\http-client\google-http-client\1.42.2\google-http-client-1.42.2.jar;C:\Users\Om Panchal\AppData\Local\Coursier\cache\v1\https\repo1.maven.org\maven2\com\google\http-client\google-http-client-apache-v2\1.42.2\google-http-client-apache-v2-1.42.2.jar;C:\Users\Om Panchal\AppData\Local\Coursier\cache\v1\https\repo1.maven.org\maven2\com\google\auth\google-auth-library-oauth2-http\1.10.0\google-auth-library-oauth2-http-1.10.0.jar;C:\Users\Om Panchal\AppData\Local\Coursier\cache\v1\https\repo1.maven.org\maven2\org\apache\commons\commons-compress\1.28.0\commons-compress-1.28.0.jar;C:\Users\Om Panchal\AppData\Local\Coursier\cache\v1\https\repo1.maven.org\maven2\com\fasterxml\jackson\core\jackson-databind\2.15.2\jackson-databind-2.15.2.jar;C:\Users\Om Panchal\AppData\Local\Coursier\cache\v1\https\repo1.maven.org\maven2\com\fasterxml\jackson\datatype\jackson-datatype-jsr310\2.15.2\jackson-datatype-jsr310-2.15.2.jar;C:\Users\Om Panchal\AppData\Local\Coursier\cache\v1\https\repo1.maven.org\maven2\com\lihaoyi\geny_3\1.1.1\geny_3-1.1.1.jar;C:\Users\Om Panchal\AppData\Local\Coursier\cache\v1\https\repo1.maven.org\maven2\com\lihaoyi\os-zip\0.11.8\os-zip-0.11.8.jar;C:\Users\Om Panchal\AppData\Local\Coursier\cache\v1\https\repo1.maven.org\maven2\org\bouncycastle\bcprov-jdk18on\1.83\bcprov-jdk18on-1.83.jar;C:\Users\Om Panchal\AppData\Local\Coursier\cache\v1\https\repo1.maven.org\maven2\org\jline\jline-terminal-jni\3.25.0\jline-terminal-jni-3.25.0.jar;C:\Users\Om Panchal\AppData\Local\Coursier\cache\v1\https\repo1.maven.org\maven2\org\jline\jline-native\3.25.0\jline-native-3.25.0.jar;C:\Users\Om Panchal\AppData\Local\Coursier\cache\v1\https\repo1.maven.org\maven2\org\scala-lang\scala3-compiler_3\3.3.7\scala3-compiler_3-3.3.7.jar;C:\Users\Om Panchal\AppData\Local\Coursier\cache\v1\https\repo1.maven.org\maven2\org\scalameta\scalameta_2.13\4.15.2\scalameta_2.13-4.15.2.jar;C:\Users\Om Panchal\AppData\Local\Coursier\cache\v1\https\repo1.maven.org\maven2\org\scala-lang\scalap\2.13.15\scalap-2.13.15.jar;C:\Users\Om Panchal\AppData\Local\Coursier\cache\v1\https\repo1.maven.org\maven2\com\thesamet\scalapb\scalapb-runtime_2.13\0.11.17\scalapb-runtime_2.13-0.11.17.jar;C:\Users\Om Panchal\AppData\Local\Coursier\cache\v1\https\repo1.maven.org\maven2\org\scala-native\tools_3\0.5.10\tools_3-0.5.10.jar;C:\Users\Om Panchal\AppData\Local\Coursier\cache\v1\https\repo1.maven.org\maven2\org\scala-sbt\test-interface\1.0\test-interface-1.0.jar;C:\Users\Om Panchal\AppData\Local\Coursier\cache\v1\https\repo1.maven.org\maven2\com\lihaoyi\fansi_3\0.5.1\fansi_3-0.5.1.jar;C:\Users\Om Panchal\AppData\Local\Coursier\cache\v1\https\repo1.maven.org\maven2\org\scala-js\scalajs-js-envs_3\1.5.0\scalajs-js-envs_3-1.5.0.jar;C:\Users\Om Panchal\AppData\Local\Coursier\cache\v1\https\repo1.maven.org\maven2\ch\epfl\scala\bloop-config_2.13\2.3.3\bloop-config_2.13-2.3.3.jar;C:\Users\Om Panchal\AppData\Local\Coursier\cache\v1\https\repo1.maven.org\maven2\org\virtuslab\scala-cli\core_3\1.12.4\core_3-1.12.4.jar;C:\Users\Om Panchal\AppData\Local\Coursier\cache\v1\https\repo1.maven.org\maven2\org\virtuslab\using_directives\1.1.4\using_directives-1.1.4.jar;C:\Users\Om Panchal\AppData\Local\Coursier\cache\v1\https\repo1.maven.org\maven2\org\virtuslab\scala-cli\build-macros_3\1.12.4\build-macros_3-1.12.4.jar;C:\Users\Om Panchal\AppData\Local\Coursier\cache\v1\https\repo1.maven.org\maven2\ch\epfl\scala\bsp4j\2.1.1\bsp4j-2.1.1.jar;C:\Users\Om Panchal\AppData\Local\Coursier\cache\v1\https\repo1.maven.org\maven2\org\fusesource\jansi\jansi\2.4.1\jansi-2.4.1.jar;C:\Users\Om Panchal\AppData\Local\Coursier\cache\v1\https\repo1.maven.org\maven2\io\github\alexarchambault\is-terminal\0.1.2\is-terminal-0.1.2.jar;C:\Users\Om Panchal\AppData\Local\Coursier\cache\v1\https\repo1.maven.org\maven2\org\apache\httpcomponents\httpclient\4.5.13\httpclient-4.5.13.jar;C:\Users\Om Panchal\AppData\Local\Coursier\cache\v1\https\repo1.maven.org\maven2\org\apache\httpcomponents\httpcore\4.4.15\httpcore-4.4.15.jar;C:\Users\Om Panchal\AppData\Local\Coursier\cache\v1\https\repo1.maven.org\maven2\com\google\code\findbugs\jsr305\3.0.2\jsr305-3.0.2.jar;C:\Users\Om Panchal\AppData\Local\Coursier\cache\v1\https\repo1.maven.org\maven2\io\opencensus\opencensus-api\0.31.1\opencensus-api-0.31.1.jar;C:\Users\Om Panchal\AppData\Local\Coursier\cache\v1\https\repo1.maven.org\maven2\io\opencensus\opencensus-contrib-http-util\0.31.1\opencensus-contrib-http-util-0.31.1.jar;C:\Users\Om Panchal\AppData\Local\Coursier\cache\v1\https\repo1.maven.org\maven2\com\google\auto\value\auto-value-annotations\1.9\auto-value-annotations-1.9.jar;C:\Users\Om Panchal\AppData\Local\Coursier\cache\v1\https\repo1.maven.org\maven2\com\google\auth\google-auth-library-credentials\1.10.0\google-auth-library-credentials-1.10.0.jar;C:\Users\Om Panchal\AppData\Local\Coursier\cache\v1\https\repo1.maven.org\maven2\com\google\http-client\google-http-client-gson\1.42.2\google-http-client-gson-1.42.2.jar;C:\Users\Om Panchal\AppData\Local\Coursier\cache\v1\https\repo1.maven.org\maven2\commons-codec\commons-codec\1.20.0\commons-codec-1.20.0.jar;C:\Users\Om Panchal\AppData\Local\Coursier\cache\v1\https\repo1.maven.org\maven2\org\apache\commons\commons-lang3\3.18.0\commons-lang3-3.18.0.jar;C:\Users\Om Panchal\AppData\Local\Coursier\cache\v1\https\repo1.maven.org\maven2\com\fasterxml\jackson\core\jackson-annotations\2.15.2\jackson-annotations-2.15.2.jar;C:\Users\Om Panchal\AppData\Local\Coursier\cache\v1\https\repo1.maven.org\maven2\com\fasterxml\jackson\core\jackson-core\2.15.2\jackson-core-2.15.2.jar;C:\Users\Om Panchal\AppData\Local\Coursier\cache\v1\https\repo1.maven.org\maven2\org\scala-lang\scala3-interfaces\3.3.7\scala3-interfaces-3.3.7.jar;C:\Users\Om Panchal\AppData\Local\Coursier\cache\v1\https\repo1.maven.org\maven2\org\scala-lang\tasty-core_3\3.3.7\tasty-core_3-3.3.7.jar;C:\Users\Om Panchal\AppData\Local\Coursier\cache\v1\https\repo1.maven.org\maven2\org\scala-lang\modules\scala-asm\9.8.0-scala-1\scala-asm-9.8.0-scala-1.jar;C:\Users\Om Panchal\AppData\Local\Coursier\cache\v1\https\repo1.maven.org\maven2\org\scala-sbt\compiler-interface\1.10.7\compiler-interface-1.10.7.jar;C:\Users\Om Panchal\AppData\Local\Coursier\cache\v1\https\repo1.maven.org\maven2\org\scalameta\parsers_2.13\4.15.2\parsers_2.13-4.15.2.jar;C:\Users\Om Panchal\AppData\Local\Coursier\cache\v1\https\repo1.maven.org\maven2\org\scala-lang\scala-compiler\2.13.15\scala-compiler-2.13.15.jar;C:\Users\Om Panchal\AppData\Local\Coursier\cache\v1\https\repo1.maven.org\maven2\com\thesamet\scalapb\lenses_2.13\0.11.17\lenses_2.13-0.11.17.jar;C:\Users\Om Panchal\AppData\Local\Coursier\cache\v1\https\repo1.maven.org\maven2\com\google\protobuf\protobuf-java\3.19.6\protobuf-java-3.19.6.jar;C:\Users\Om Panchal\AppData\Local\Coursier\cache\v1\https\repo1.maven.org\maven2\org\scala-native\nir_3\0.5.10\nir_3-0.5.10.jar;C:\Users\Om Panchal\AppData\Local\Coursier\cache\v1\https\repo1.maven.org\maven2\org\scala-native\util_3\0.5.10\util_3-0.5.10.jar;C:\Users\Om Panchal\AppData\Local\Coursier\cache\v1\https\repo1.maven.org\maven2\org\scala-js\scalajs-logging_3\1.2.0\scalajs-logging_3-1.2.0.jar;C:\Users\Om Panchal\AppData\Local\Coursier\cache\v1\https\repo1.maven.org\maven2\com\lihaoyi\unroll-annotation_2.13\0.1.12\unroll-annotation_2.13-0.1.12.jar;C:\Users\Om Panchal\AppData\Local\Coursier\cache\v1\https\repo1.maven.org\maven2\ch\epfl\scala\bloop-rifle_2.13\2.0.19\bloop-rifle_2.13-2.0.19.jar;C:\Users\Om Panchal\AppData\Local\Coursier\cache\v1\https\repo1.maven.org\maven2\io\get-coursier\coursier-jvm_2.13\2.1.25-M23\coursier-jvm_2.13-2.1.25-M23.jar;C:\Users\Om Panchal\AppData\Local\Coursier\cache\v1\https\repo1.maven.org\maven2\io\get-coursier\dependency_3\0.3.2\dependency_3-0.3.2.jar;C:\Users\Om Panchal\AppData\Local\Coursier\cache\v1\https\repo1.maven.org\maven2\org\eclipse\jgit\org.eclipse.jgit\7.5.0.202512021534-r\org.eclipse.jgit-7.5.0.202512021534-r.jar;C:\Users\Om Panchal\AppData\Local\Coursier\cache\v1\https\repo1.maven.org\maven2\org\scala-js\scalajs-env-jsdom-nodejs_2.13\1.1.1\scalajs-env-jsdom-nodejs_2.13-1.1.1.jar;C:\Users\Om Panchal\AppData\Local\Coursier\cache\v1\https\repo1.maven.org\maven2\org\eclipse\lsp4j\org.eclipse.lsp4j.generator\0.20.1\org.eclipse.lsp4j.generator-0.20.1.jar;C:\Users\Om Panchal\AppData\Local\Coursier\cache\v1\https\repo1.maven.org\maven2\org\eclipse\lsp4j\org.eclipse.lsp4j.jsonrpc\0.20.1\org.eclipse.lsp4j.jsonrpc-0.20.1.jar;C:\Users\Om Panchal\AppData\Local\Coursier\cache\v1\https\repo1.maven.org\maven2\commons-logging\commons-logging\1.2\commons-logging-1.2.jar;C:\Users\Om Panchal\AppData\Local\Coursier\cache\v1\https\repo1.maven.org\maven2\io\grpc\grpc-context\1.27.2\grpc-context-1.27.2.jar;C:\Users\Om Panchal\AppData\Local\Coursier\cache\v1\https\repo1.maven.org\maven2\com\google\code\gson\gson\2.10.1\gson-2.10.1.jar;C:\Users\Om Panchal\AppData\Local\Coursier\cache\v1\https\repo1.maven.org\maven2\org\scala-sbt\util-interface\1.10.7\util-interface-1.10.7.jar;C:\Users\Om Panchal\AppData\Local\Coursier\cache\v1\https\repo1.maven.org\maven2\org\scalameta\trees_2.13\4.15.2\trees_2.13-4.15.2.jar;C:\Users\Om Panchal\AppData\Local\Coursier\cache\v1\https\repo1.maven.org\maven2\io\github\java-diff-utils\java-diff-utils\4.12\java-diff-utils-4.12.jar;C:\Users\Om Panchal\AppData\Local\Coursier\cache\v1\https\repo1.maven.org\maven2\ch\epfl\scala\libdaemon_2.13\0.0.12\libdaemon_2.13-0.0.12.jar;C:\Users\Om Panchal\AppData\Local\Coursier\cache\v1\https\repo1.maven.org\maven2\io\github\alexarchambault\scala-cli\snailgun\snailgun-core_2.13\0.4.1-sc2\snailgun-core_2.13-0.4.1-sc2.jar;C:\Users\Om Panchal\AppData\Local\Coursier\cache\v1\https\repo1.maven.org\maven2\io\get-coursier\coursier_2.13\2.1.25-M23\coursier_2.13-2.1.25-M23.jar;C:\Users\Om Panchal\AppData\Local\Coursier\cache\v1\https\repo1.maven.org\maven2\io\get-coursier\coursier-archive-cache_2.13\2.1.25-M23\coursier-archive-cache_2.13-2.1.25-M23.jar;C:\Users\Om Panchal\AppData\Local\Coursier\cache\v1\https\repo1.maven.org\maven2\io\get-coursier\coursier-env_2.13\2.1.25-M23\coursier-env_2.13-2.1.25-M23.jar;C:\Users\Om Panchal\AppData\Local\Coursier\cache\v1\https\repo1.maven.org\maven2\io\get-coursier\coursier-exec\2.1.25-M23\coursier-exec-2.1.25-M23.jar;C:\Users\Om Panchal\AppData\Local\Coursier\cache\v1\https\repo1.maven.org\maven2\com\googlecode\javaewah\JavaEWAH\1.2.3\JavaEWAH-1.2.3.jar;C:\Users\Om Panchal\AppData\Local\Coursier\cache\v1\https\repo1.maven.org\maven2\org\eclipse\xtend\org.eclipse.xtend.lib\2.28.0\org.eclipse.xtend.lib-2.28.0.jar;C:\Users\Om Panchal\AppData\Local\Coursier\cache\v1\https\repo1.maven.org\maven2\org\scalameta\common_2.13\4.15.2\common_2.13-4.15.2.jar;C:\Users\Om Panchal\AppData\Local\Coursier\cache\v1\https\repo1.maven.org\maven2\org\scalameta\io_2.13\4.15.2\io_2.13-4.15.2.jar;C:\Users\Om Panchal\AppData\Local\Coursier\cache\v1\https\repo1.maven.org\maven2\org\codehaus\plexus\plexus-archiver\4.10.1\plexus-archiver-4.10.1.jar;C:\Users\Om Panchal\AppData\Local\Coursier\cache\v1\https\repo1.maven.org\maven2\org\codehaus\plexus\plexus-container-default\2.1.1\plexus-container-default-2.1.1.jar;C:\Users\Om Panchal\AppData\Local\Coursier\cache\v1\https\repo1.maven.org\maven2\org\apache\tika\tika-core\3.2.3\tika-core-3.2.3.jar;C:\Users\Om Panchal\AppData\Local\Coursier\cache\v1\https\repo1.maven.org\maven2\com\github\luben\zstd-jni\1.5.7-4\zstd-jni-1.5.7-4.jar;C:\Users\Om Panchal\AppData\Local\Coursier\cache\v1\https\repo1.maven.org\maven2\org\eclipse\xtext\org.eclipse.xtext.xbase.lib\2.28.0\org.eclipse.xtext.xbase.lib-2.28.0.jar;C:\Users\Om Panchal\AppData\Local\Coursier\cache\v1\https\repo1.maven.org\maven2\org\eclipse\xtend\org.eclipse.xtend.lib.macro\2.28.0\org.eclipse.xtend.lib.macro-2.28.0.jar;C:\Users\Om Panchal\AppData\Local\Coursier\cache\v1\https\repo1.maven.org\maven2\javax\inject\javax.inject\1\javax.inject-1.jar;C:\Users\Om Panchal\AppData\Local\Coursier\cache\v1\https\repo1.maven.org\maven2\org\codehaus\plexus\plexus-utils\4.0.2\plexus-utils-4.0.2.jar;C:\Users\Om Panchal\AppData\Local\Coursier\cache\v1\https\repo1.maven.org\maven2\org\codehaus\plexus\plexus-io\3.5.1\plexus-io-3.5.1.jar;C:\Users\Om Panchal\AppData\Local\Coursier\cache\v1\https\repo1.maven.org\maven2\io\airlift\aircompressor\0.27\aircompressor-0.27.jar;C:\Users\Om Panchal\AppData\Local\Coursier\cache\v1\https\repo1.maven.org\maven2\org\tukaani\xz\1.10\xz-1.10.jar;C:\Users\Om Panchal\AppData\Local\Coursier\cache\v1\https\repo1.maven.org\maven2\org\codehaus\plexus\plexus-classworlds\2.6.0\plexus-classworlds-2.6.0.jar;C:\Users\Om Panchal\AppData\Local\Coursier\cache\v1\https\repo1.maven.org\maven2\org\apache\xbean\xbean-reflect\3.7\xbean-reflect-3.7.jar, scala.cli.ScalaCli, bsp, C:\Users\Om Panchal\OneDrive\Pictures\ドキュメント\GitHub\75_DSA_Problems_solved)
2026.07.13 17:44:24 INFO  tracing is disabled for protocol BSP, to enable tracing of incoming and outgoing JSON messages create an empty file at C:\Users\Om Panchal\OneDrive\Pictures\ドキュメント\GitHub\75_DSA_Problems_solved\.metals\bsp.trace.json or C:\Users\Om Panchal\AppData\Local\scalameta\metals\cache\bsp.trace.json
2026.07.13 17:44:24 INFO  Scala CLI: WARNING: A terminally deprecated method in sun.misc.Unsafe has been called
2026.07.13 17:44:24 INFO  Scala CLI: WARNING: sun.misc.Unsafe::objectFieldOffset has been called by scala.runtime.LazyVals$ (file:/C:/Users/Om%20Panchal/AppData/Local/Coursier/cache/v1/https/repo1.maven.org/maven2/org/scala-lang/scala3-library_3/3.3.7/scala3-library_3-3.3.7.jar)
2026.07.13 17:44:24 INFO  Scala CLI: WARNING: Please consider reporting this to the maintainers of class scala.runtime.LazyVals$
2026.07.13 17:44:24 INFO  Scala CLI: WARNING: sun.misc.Unsafe::objectFieldOffset will be removed in a future release
2026.07.13 17:44:24 INFO  Scala CLI: WARNING: A restricted method in java.lang.System has been called
2026.07.13 17:44:24 INFO  Scala CLI: WARNING: java.lang.System::load has been called by coursier.jniutils.LoadWindowsLibrary in an unnamed module (file:/C:/Users/Om%20Panchal/AppData/Local/Coursier/cache/v1/https/repo1.maven.org/maven2/io/get-coursier/jniutils/windows-jni-utils/0.3.3/windows-jni-utils-0.3.3.jar)
2026.07.13 17:44:24 INFO  Scala CLI: WARNING: Use --enable-native-access=ALL-UNNAMED to avoid a warning for callers in this module
2026.07.13 17:44:24 INFO  Scala CLI: WARNING: Restricted methods will be blocked in a future release unless native access is enabled
2026.07.13 17:44:24 INFO  Scala CLI: 
2026.07.13 17:44:26 INFO  no build target found for C:\Users\Om Panchal\OneDrive\Pictures\ドキュメント\GitHub\75_DSA_Problems_solved\1.scala. Using presentation compiler with project's scala-library version: 3.3.7
2026.07.13 17:44:28 INFO  Scala CLI: Error: java.nio.file.InvalidPathException: Illegal char <?> at index 38: C:\Users\Om Panchal\OneDrive\Pictures\??????\GitHub\75_DSA_Problems_solved
2026.07.13 17:44:28 INFO  Scala CLI: For more details, please see 'C:\Users\Om Panchal\OneDrive\Pictures\??????\GitHub\75_DSA_Problems_solved\.scala-build\stacktraces\1783944868-659838374405561748.log'
2026.07.13 17:45:24 ERROR Timeout waiting for 'build/initialize' response
2026.07.13 17:45:24 WARN  Retrying connection to the build server Scala CLI
2026.07.13 17:45:24 INFO  Running List(C:\Program Files\Java\jdk-24\bin\java.exe, -cp, C:\Users\Om Panchal\AppData\Local\Coursier\cache\v1\https\repo1.maven.org\maven2\org\virtuslab\scala-cli\cli_3\1.12.4\cli_3-1.12.4.jar;C:\Users\Om Panchal\AppData\Local\Coursier\cache\v1\https\repo1.maven.org\maven2\com\github\alexarchambault\case-app_3\2.1.0\case-app_3-2.1.0.jar;C:\Users\Om Panchal\AppData\Local\Coursier\cache\v1\https\repo1.maven.org\maven2\io\get-coursier\coursier-launcher_2.13\2.1.25-M23\coursier-launcher_2.13-2.1.25-M23.jar;C:\Users\Om Panchal\AppData\Local\Coursier\cache\v1\https\repo1.maven.org\maven2\io\get-coursier\coursier-proxy-setup\2.1.25-M23\coursier-proxy-setup-2.1.25-M23.jar;C:\Users\Om Panchal\AppData\Local\Coursier\cache\v1\https\repo1.maven.org\maven2\io\get-coursier\publish\publish_3\0.4.4\publish_3-0.4.4.jar;C:\Users\Om Panchal\AppData\Local\Coursier\cache\v1\https\repo1.maven.org\maven2\com\google\jimfs\jimfs\1.3.1\jimfs-1.3.1.jar;C:\Users\Om Panchal\AppData\Local\Coursier\cache\v1\https\repo1.maven.org\maven2\io\get-coursier\jniutils\windows-jni-utils\0.3.3\windows-jni-utils-0.3.3.jar;C:\Users\Om Panchal\AppData\Local\Coursier\cache\v1\https\repo1.maven.org\maven2\com\github\plokhotnyuk\jsoniter-scala\jsoniter-scala-core_3\2.38.8\jsoniter-scala-core_3-2.38.8.jar;C:\Users\Om Panchal\AppData\Local\Coursier\cache\v1\https\repo1.maven.org\maven2\org\virtuslab\scala-cli\libsodiumjni\0.0.4\libsodiumjni-0.0.4.jar;C:\Users\Om Panchal\AppData\Local\Coursier\cache\v1\https\repo1.maven.org\maven2\org\scalameta\metaconfig-typesafe-config_3\0.18.2\metaconfig-typesafe-config_3-0.18.2.jar;C:\Users\Om Panchal\AppData\Local\Coursier\cache\v1\https\repo1.maven.org\maven2\ai\kien\python-native-libs_3\0.2.5\python-native-libs_3-0.2.5.jar;C:\Users\Om Panchal\AppData\Local\Coursier\cache\v1\https\repo1.maven.org\maven2\org\virtuslab\scala-packager_3\0.2.1\scala-packager_3-0.2.1.jar;C:\Users\Om Panchal\AppData\Local\Coursier\cache\v1\https\repo1.maven.org\maven2\org\virtuslab\scala-cli-signing\cli_3\0.2.13\cli_3-0.2.13.jar;C:\Users\Om Panchal\AppData\Local\Coursier\cache\v1\https\repo1.maven.org\maven2\org\slf4j\slf4j-nop\2.0.17\slf4j-nop-2.0.17.jar;C:\Users\Om Panchal\AppData\Local\Coursier\cache\v1\https\repo1.maven.org\maven2\com\softwaremill\sttp\client3\core_3\3.11.0\core_3-3.11.0.jar;C:\Users\Om Panchal\AppData\Local\Coursier\cache\v1\https\repo1.maven.org\maven2\ch\epfl\scala\scalafix-interfaces\0.14.5\scalafix-interfaces-0.14.5.jar;C:\Users\Om Panchal\AppData\Local\Coursier\cache\v1\https\repo1.maven.org\maven2\org\virtuslab\scala-cli\scala3-graal_3\1.9.1\scala3-graal_3-1.9.1.jar;C:\Users\Om Panchal\AppData\Local\Coursier\cache\v1\https\repo1.maven.org\maven2\org\virtuslab\scala-cli\scala3-graal-processor_3\1.9.1\scala3-graal-processor_3-1.9.1.jar;C:\Users\Om Panchal\AppData\Local\Coursier\cache\v1\https\repo1.maven.org\maven2\org\scala-lang\scala3-library_3\3.3.7\scala3-library_3-3.3.7.jar;C:\Users\Om Panchal\AppData\Local\Coursier\cache\v1\https\repo1.maven.org\maven2\org\virtuslab\scala-cli\build-module_3\1.12.4\build-module_3-1.12.4.jar;C:\Users\Om Panchal\AppData\Local\Coursier\cache\v1\https\repo1.maven.org\maven2\org\virtuslab\scala-cli\config_3\1.12.4\config_3-1.12.4.jar;C:\Users\Om Panchal\AppData\Local\Coursier\cache\v1\https\repo1.maven.org\maven2\org\virtuslab\scala-cli\specification-level_3\1.12.4\specification-level_3-1.12.4.jar;C:\Users\Om Panchal\AppData\Local\Coursier\cache\v1\https\repo1.maven.org\maven2\com\lihaoyi\sourcecode_3\0.4.3-M5\sourcecode_3-0.4.3-M5.jar;C:\Users\Om Panchal\AppData\Local\Coursier\cache\v1\https\repo1.maven.org\maven2\com\github\alexarchambault\case-app-annotations_3\2.1.0\case-app-annotations_3-2.1.0.jar;C:\Users\Om Panchal\AppData\Local\Coursier\cache\v1\https\repo1.maven.org\maven2\com\github\alexarchambault\case-app-util_3\2.1.0\case-app-util_3-2.1.0.jar;C:\Users\Om Panchal\AppData\Local\Coursier\cache\v1\https\repo1.maven.org\maven2\io\github\alexarchambault\scala-cli\tmp\zip-input-stream\0.1.1\zip-input-stream-0.1.1.jar;C:\Users\Om Panchal\AppData\Local\Coursier\cache\v1\https\repo1.maven.org\maven2\org\scala-lang\scala-library\2.13.18\scala-library-2.13.18.jar;C:\Users\Om Panchal\AppData\Local\Coursier\cache\v1\https\repo1.maven.org\maven2\io\get-coursier\coursier-cache_2.13\2.1.25-M23\coursier-cache_2.13-2.1.25-M23.jar;C:\Users\Om Panchal\AppData\Local\Coursier\cache\v1\https\repo1.maven.org\maven2\io\get-coursier\coursier-core_2.13\2.1.25-M23\coursier-core_2.13-2.1.25-M23.jar;C:\Users\Om Panchal\AppData\Local\Coursier\cache\v1\https\repo1.maven.org\maven2\com\google\guava\guava\33.5.0-jre\guava-33.5.0-jre.jar;C:\Users\Om Panchal\AppData\Local\Coursier\cache\v1\https\repo1.maven.org\maven2\net\java\dev\jna\jna\5.17.0\jna-5.17.0.jar;C:\Users\Om Panchal\AppData\Local\Coursier\cache\v1\https\repo1.maven.org\maven2\net\java\dev\jna\jna-platform\5.12.1\jna-platform-5.12.1.jar;C:\Users\Om Panchal\AppData\Local\Coursier\cache\v1\https\repo1.maven.org\maven2\org\scalameta\metaconfig-core_3\0.18.2\metaconfig-core_3-0.18.2.jar;C:\Users\Om Panchal\AppData\Local\Coursier\cache\v1\https\repo1.maven.org\maven2\com\typesafe\config\1.4.5\config-1.4.5.jar;C:\Users\Om Panchal\AppData\Local\Coursier\cache\v1\https\repo1.maven.org\maven2\org\scala-lang\modules\scala-collection-compat_3\2.14.0\scala-collection-compat_3-2.14.0.jar;C:\Users\Om Panchal\AppData\Local\Coursier\cache\v1\https\repo1.maven.org\maven2\commons-io\commons-io\2.20.0\commons-io-2.20.0.jar;C:\Users\Om Panchal\AppData\Local\Coursier\cache\v1\https\repo1.maven.org\maven2\com\google\cloud\tools\jib-core\0.27.3\jib-core-0.27.3.jar;C:\Users\Om Panchal\AppData\Local\Coursier\cache\v1\https\repo1.maven.org\maven2\com\lihaoyi\os-lib_3\0.11.8\os-lib_3-0.11.8.jar;C:\Users\Om Panchal\AppData\Local\Coursier\cache\v1\https\repo1.maven.org\maven2\org\bouncycastle\bcpg-jdk18on\1.83\bcpg-jdk18on-1.83.jar;C:\Users\Om Panchal\AppData\Local\Coursier\cache\v1\https\repo1.maven.org\maven2\org\bouncycastle\bcutil-jdk18on\1.83\bcutil-jdk18on-1.83.jar;C:\Users\Om Panchal\AppData\Local\Coursier\cache\v1\https\repo1.maven.org\maven2\org\virtuslab\scala-cli-signing\shared_3\0.2.13\shared_3-0.2.13.jar;C:\Users\Om Panchal\AppData\Local\Coursier\cache\v1\https\repo1.maven.org\maven2\org\slf4j\slf4j-api\2.0.17\slf4j-api-2.0.17.jar;C:\Users\Om Panchal\AppData\Local\Coursier\cache\v1\https\repo1.maven.org\maven2\com\softwaremill\sttp\model\core_3\1.7.11\core_3-1.7.11.jar;C:\Users\Om Panchal\AppData\Local\Coursier\cache\v1\https\repo1.maven.org\maven2\com\softwaremill\sttp\shared\core_3\1.3.22\core_3-1.3.22.jar;C:\Users\Om Panchal\AppData\Local\Coursier\cache\v1\https\repo1.maven.org\maven2\com\softwaremill\sttp\shared\ws_3\1.3.22\ws_3-1.3.22.jar;C:\Users\Om Panchal\AppData\Local\Coursier\cache\v1\https\repo1.maven.org\maven2\io\get-coursier\interface\1.0.28\interface-1.0.28.jar;C:\Users\Om Panchal\AppData\Local\Coursier\cache\v1\https\repo1.maven.org\maven2\org\ow2\asm\asm\9.9.1\asm-9.9.1.jar;C:\Users\Om Panchal\AppData\Local\Coursier\cache\v1\https\repo1.maven.org\maven2\org\virtuslab\scala-cli\java-class-name\java-class-name_3\0.1.9\java-class-name_3-0.1.9.jar;C:\Users\Om Panchal\AppData\Local\Coursier\cache\v1\https\repo1.maven.org\maven2\org\scalameta\semanticdb-shared_2.13\4.15.2\semanticdb-shared_2.13-4.15.2.jar;C:\Users\Om Panchal\AppData\Local\Coursier\cache\v1\https\repo1.maven.org\maven2\org\scala-native\test-runner_3\0.5.10\test-runner_3-0.5.10.jar;C:\Users\Om Panchal\AppData\Local\Coursier\cache\v1\https\repo1.maven.org\maven2\com\lihaoyi\pprint_3\0.9.5\pprint_3-0.9.5.jar;C:\Users\Om Panchal\AppData\Local\Coursier\cache\v1\https\repo1.maven.org\maven2\org\scala-js\scalajs-env-nodejs_3\1.5.0\scalajs-env-nodejs_3-1.5.0.jar;C:\Users\Om Panchal\AppData\Local\Coursier\cache\v1\https\repo1.maven.org\maven2\org\scala-js\scalajs-sbt-test-adapter_2.13\1.20.2\scalajs-sbt-test-adapter_2.13-1.20.2.jar;C:\Users\Om Panchal\AppData\Local\Coursier\cache\v1\https\repo1.maven.org\maven2\com\swoval\file-tree-views\2.1.12\file-tree-views-2.1.12.jar;C:\Users\Om Panchal\AppData\Local\Coursier\cache\v1\https\repo1.maven.org\maven2\org\virtuslab\scala-cli\zip-input-stream\zip-input-stream\0.1.3\zip-input-stream-0.1.3.jar;C:\Users\Om Panchal\AppData\Local\Coursier\cache\v1\https\repo1.maven.org\maven2\org\virtuslab\scala-cli\options_3\1.12.4\options_3-1.12.4.jar;C:\Users\Om Panchal\AppData\Local\Coursier\cache\v1\https\repo1.maven.org\maven2\org\virtuslab\scala-cli\directives_3\1.12.4\directives_3-1.12.4.jar;C:\Users\Om Panchal\AppData\Local\Coursier\cache\v1\https\repo1.maven.org\maven2\org\virtuslab\scala-cli\scala-cli-bsp\1.12.4\scala-cli-bsp-1.12.4.jar;C:\Users\Om Panchal\AppData\Local\Coursier\cache\v1\https\repo1.maven.org\maven2\org\virtuslab\scala-cli\test-runner_3\1.12.4\test-runner_3-1.12.4.jar;C:\Users\Om Panchal\AppData\Local\Coursier\cache\v1\https\repo1.maven.org\maven2\org\virtuslab\scala-cli\tasty-lib_3\1.12.4\tasty-lib_3-1.12.4.jar;C:\Users\Om Panchal\AppData\Local\Coursier\cache\v1\https\repo1.maven.org\maven2\io\github\alexarchambault\windows-ansi\windows-ansi\0.0.6\windows-ansi-0.0.6.jar;C:\Users\Om Panchal\AppData\Local\Coursier\cache\v1\https\repo1.maven.org\maven2\io\get-coursier\cache-util\2.1.25-M23\cache-util-2.1.25-M23.jar;C:\Users\Om Panchal\AppData\Local\Coursier\cache\v1\https\repo1.maven.org\maven2\io\get-coursier\coursier-paths\2.1.25-M23\coursier-paths-2.1.25-M23.jar;C:\Users\Om Panchal\AppData\Local\Coursier\cache\v1\https\repo1.maven.org\maven2\io\get-coursier\coursier-util_2.13\2.1.25-M23\coursier-util_2.13-2.1.25-M23.jar;C:\Users\Om Panchal\AppData\Local\Coursier\cache\v1\https\repo1.maven.org\maven2\io\get-coursier\versions_2.13\0.5.1\versions_2.13-0.5.1.jar;C:\Users\Om Panchal\AppData\Local\Coursier\cache\v1\https\repo1.maven.org\maven2\io\github\alexarchambault\concurrent-reference-hash-map\1.1.0\concurrent-reference-hash-map-1.1.0.jar;C:\Users\Om Panchal\AppData\Local\Coursier\cache\v1\https\repo1.maven.org\maven2\org\scala-lang\modules\scala-xml_2.13\2.4.0\scala-xml_2.13-2.4.0.jar;C:\Users\Om Panchal\AppData\Local\Coursier\cache\v1\https\repo1.maven.org\maven2\com\google\guava\failureaccess\1.0.3\failureaccess-1.0.3.jar;C:\Users\Om Panchal\AppData\Local\Coursier\cache\v1\https\repo1.maven.org\maven2\com\google\guava\listenablefuture\9999.0-empty-to-avoid-conflict-with-guava\listenablefuture-9999.0-empty-to-avoid-conflict-with-guava.jar;C:\Users\Om Panchal\AppData\Local\Coursier\cache\v1\https\repo1.maven.org\maven2\org\jspecify\jspecify\1.0.0\jspecify-1.0.0.jar;C:\Users\Om Panchal\AppData\Local\Coursier\cache\v1\https\repo1.maven.org\maven2\com\google\errorprone\error_prone_annotations\2.41.0\error_prone_annotations-2.41.0.jar;C:\Users\Om Panchal\AppData\Local\Coursier\cache\v1\https\repo1.maven.org\maven2\com\google\j2objc\j2objc-annotations\3.1\j2objc-annotations-3.1.jar;C:\Users\Om Panchal\AppData\Local\Coursier\cache\v1\https\repo1.maven.org\maven2\org\scalameta\metaconfig-pprint_3\0.18.2\metaconfig-pprint_3-0.18.2.jar;C:\Users\Om Panchal\AppData\Local\Coursier\cache\v1\https\repo1.maven.org\maven2\org\typelevel\paiges-core_3\0.4.4\paiges-core_3-0.4.4.jar;C:\Users\Om Panchal\AppData\Local\Coursier\cache\v1\https\repo1.maven.org\maven2\org\scala-lang\scala-reflect\2.13.18\scala-reflect-2.13.18.jar;C:\Users\Om Panchal\AppData\Local\Coursier\cache\v1\https\repo1.maven.org\maven2\com\google\cloud\tools\jib-build-plan\0.4.0\jib-build-plan-0.4.0.jar;C:\Users\Om Panchal\AppData\Local\Coursier\cache\v1\https\repo1.maven.org\maven2\com\google\http-client\google-http-client\1.42.2\google-http-client-1.42.2.jar;C:\Users\Om Panchal\AppData\Local\Coursier\cache\v1\https\repo1.maven.org\maven2\com\google\http-client\google-http-client-apache-v2\1.42.2\google-http-client-apache-v2-1.42.2.jar;C:\Users\Om Panchal\AppData\Local\Coursier\cache\v1\https\repo1.maven.org\maven2\com\google\auth\google-auth-library-oauth2-http\1.10.0\google-auth-library-oauth2-http-1.10.0.jar;C:\Users\Om Panchal\AppData\Local\Coursier\cache\v1\https\repo1.maven.org\maven2\org\apache\commons\commons-compress\1.28.0\commons-compress-1.28.0.jar;C:\Users\Om Panchal\AppData\Local\Coursier\cache\v1\https\repo1.maven.org\maven2\com\fasterxml\jackson\core\jackson-databind\2.15.2\jackson-databind-2.15.2.jar;C:\Users\Om Panchal\AppData\Local\Coursier\cache\v1\https\repo1.maven.org\maven2\com\fasterxml\jackson\datatype\jackson-datatype-jsr310\2.15.2\jackson-datatype-jsr310-2.15.2.jar;C:\Users\Om Panchal\AppData\Local\Coursier\cache\v1\https\repo1.maven.org\maven2\com\lihaoyi\geny_3\1.1.1\geny_3-1.1.1.jar;C:\Users\Om Panchal\AppData\Local\Coursier\cache\v1\https\repo1.maven.org\maven2\com\lihaoyi\os-zip\0.11.8\os-zip-0.11.8.jar;C:\Users\Om Panchal\AppData\Local\Coursier\cache\v1\https\repo1.maven.org\maven2\org\bouncycastle\bcprov-jdk18on\1.83\bcprov-jdk18on-1.83.jar;C:\Users\Om Panchal\AppData\Local\Coursier\cache\v1\https\repo1.maven.org\maven2\org\jline\jline-terminal-jni\3.25.0\jline-terminal-jni-3.25.0.jar;C:\Users\Om Panchal\AppData\Local\Coursier\cache\v1\https\repo1.maven.org\maven2\org\jline\jline-native\3.25.0\jline-native-3.25.0.jar;C:\Users\Om Panchal\AppData\Local\Coursier\cache\v1\https\repo1.maven.org\maven2\org\scala-lang\scala3-compiler_3\3.3.7\scala3-compiler_3-3.3.7.jar;C:\Users\Om Panchal\AppData\Local\Coursier\cache\v1\https\repo1.maven.org\maven2\org\scalameta\scalameta_2.13\4.15.2\scalameta_2.13-4.15.2.jar;C:\Users\Om Panchal\AppData\Local\Coursier\cache\v1\https\repo1.maven.org\maven2\org\scala-lang\scalap\2.13.15\scalap-2.13.15.jar;C:\Users\Om Panchal\AppData\Local\Coursier\cache\v1\https\repo1.maven.org\maven2\com\thesamet\scalapb\scalapb-runtime_2.13\0.11.17\scalapb-runtime_2.13-0.11.17.jar;C:\Users\Om Panchal\AppData\Local\Coursier\cache\v1\https\repo1.maven.org\maven2\org\scala-native\tools_3\0.5.10\tools_3-0.5.10.jar;C:\Users\Om Panchal\AppData\Local\Coursier\cache\v1\https\repo1.maven.org\maven2\org\scala-sbt\test-interface\1.0\test-interface-1.0.jar;C:\Users\Om Panchal\AppData\Local\Coursier\cache\v1\https\repo1.maven.org\maven2\com\lihaoyi\fansi_3\0.5.1\fansi_3-0.5.1.jar;C:\Users\Om Panchal\AppData\Local\Coursier\cache\v1\https\repo1.maven.org\maven2\org\scala-js\scalajs-js-envs_3\1.5.0\scalajs-js-envs_3-1.5.0.jar;C:\Users\Om Panchal\AppData\Local\Coursier\cache\v1\https\repo1.maven.org\maven2\ch\epfl\scala\bloop-config_2.13\2.3.3\bloop-config_2.13-2.3.3.jar;C:\Users\Om Panchal\AppData\Local\Coursier\cache\v1\https\repo1.maven.org\maven2\org\virtuslab\scala-cli\core_3\1.12.4\core_3-1.12.4.jar;C:\Users\Om Panchal\AppData\Local\Coursier\cache\v1\https\repo1.maven.org\maven2\org\virtuslab\using_directives\1.1.4\using_directives-1.1.4.jar;C:\Users\Om Panchal\AppData\Local\Coursier\cache\v1\https\repo1.maven.org\maven2\org\virtuslab\scala-cli\build-macros_3\1.12.4\build-macros_3-1.12.4.jar;C:\Users\Om Panchal\AppData\Local\Coursier\cache\v1\https\repo1.maven.org\maven2\ch\epfl\scala\bsp4j\2.1.1\bsp4j-2.1.1.jar;C:\Users\Om Panchal\AppData\Local\Coursier\cache\v1\https\repo1.maven.org\maven2\org\fusesource\jansi\jansi\2.4.1\jansi-2.4.1.jar;C:\Users\Om Panchal\AppData\Local\Coursier\cache\v1\https\repo1.maven.org\maven2\io\github\alexarchambault\is-terminal\0.1.2\is-terminal-0.1.2.jar;C:\Users\Om Panchal\AppData\Local\Coursier\cache\v1\https\repo1.maven.org\maven2\org\apache\httpcomponents\httpclient\4.5.13\httpclient-4.5.13.jar;C:\Users\Om Panchal\AppData\Local\Coursier\cache\v1\https\repo1.maven.org\maven2\org\apache\httpcomponents\httpcore\4.4.15\httpcore-4.4.15.jar;C:\Users\Om Panchal\AppData\Local\Coursier\cache\v1\https\repo1.maven.org\maven2\com\google\code\findbugs\jsr305\3.0.2\jsr305-3.0.2.jar;C:\Users\Om Panchal\AppData\Local\Coursier\cache\v1\https\repo1.maven.org\maven2\io\opencensus\opencensus-api\0.31.1\opencensus-api-0.31.1.jar;C:\Users\Om Panchal\AppData\Local\Coursier\cache\v1\https\repo1.maven.org\maven2\io\opencensus\opencensus-contrib-http-util\0.31.1\opencensus-contrib-http-util-0.31.1.jar;C:\Users\Om Panchal\AppData\Local\Coursier\cache\v1\https\repo1.maven.org\maven2\com\google\auto\value\auto-value-annotations\1.9\auto-value-annotations-1.9.jar;C:\Users\Om Panchal\AppData\Local\Coursier\cache\v1\https\repo1.maven.org\maven2\com\google\auth\google-auth-library-credentials\1.10.0\google-auth-library-credentials-1.10.0.jar;C:\Users\Om Panchal\AppData\Local\Coursier\cache\v1\https\repo1.maven.org\maven2\com\google\http-client\google-http-client-gson\1.42.2\google-http-client-gson-1.42.2.jar;C:\Users\Om Panchal\AppData\Local\Coursier\cache\v1\https\repo1.maven.org\maven2\commons-codec\commons-codec\1.20.0\commons-codec-1.20.0.jar;C:\Users\Om Panchal\AppData\Local\Coursier\cache\v1\https\repo1.maven.org\maven2\org\apache\commons\commons-lang3\3.18.0\commons-lang3-3.18.0.jar;C:\Users\Om Panchal\AppData\Local\Coursier\cache\v1\https\repo1.maven.org\maven2\com\fasterxml\jackson\core\jackson-annotations\2.15.2\jackson-annotations-2.15.2.jar;C:\Users\Om Panchal\AppData\Local\Coursier\cache\v1\https\repo1.maven.org\maven2\com\fasterxml\jackson\core\jackson-core\2.15.2\jackson-core-2.15.2.jar;C:\Users\Om Panchal\AppData\Local\Coursier\cache\v1\https\repo1.maven.org\maven2\org\scala-lang\scala3-interfaces\3.3.7\scala3-interfaces-3.3.7.jar;C:\Users\Om Panchal\AppData\Local\Coursier\cache\v1\https\repo1.maven.org\maven2\org\scala-lang\tasty-core_3\3.3.7\tasty-core_3-3.3.7.jar;C:\Users\Om Panchal\AppData\Local\Coursier\cache\v1\https\repo1.maven.org\maven2\org\scala-lang\modules\scala-asm\9.8.0-scala-1\scala-asm-9.8.0-scala-1.jar;C:\Users\Om Panchal\AppData\Local\Coursier\cache\v1\https\repo1.maven.org\maven2\org\scala-sbt\compiler-interface\1.10.7\compiler-interface-1.10.7.jar;C:\Users\Om Panchal\AppData\Local\Coursier\cache\v1\https\repo1.maven.org\maven2\org\scalameta\parsers_2.13\4.15.2\parsers_2.13-4.15.2.jar;C:\Users\Om Panchal\AppData\Local\Coursier\cache\v1\https\repo1.maven.org\maven2\org\scala-lang\scala-compiler\2.13.15\scala-compiler-2.13.15.jar;C:\Users\Om Panchal\AppData\Local\Coursier\cache\v1\https\repo1.maven.org\maven2\com\thesamet\scalapb\lenses_2.13\0.11.17\lenses_2.13-0.11.17.jar;C:\Users\Om Panchal\AppData\Local\Coursier\cache\v1\https\repo1.maven.org\maven2\com\google\protobuf\protobuf-java\3.19.6\protobuf-java-3.19.6.jar;C:\Users\Om Panchal\AppData\Local\Coursier\cache\v1\https\repo1.maven.org\maven2\org\scala-native\nir_3\0.5.10\nir_3-0.5.10.jar;C:\Users\Om Panchal\AppData\Local\Coursier\cache\v1\https\repo1.maven.org\maven2\org\scala-native\util_3\0.5.10\util_3-0.5.10.jar;C:\Users\Om Panchal\AppData\Local\Coursier\cache\v1\https\repo1.maven.org\maven2\org\scala-js\scalajs-logging_3\1.2.0\scalajs-logging_3-1.2.0.jar;C:\Users\Om Panchal\AppData\Local\Coursier\cache\v1\https\repo1.maven.org\maven2\com\lihaoyi\unroll-annotation_2.13\0.1.12\unroll-annotation_2.13-0.1.12.jar;C:\Users\Om Panchal\AppData\Local\Coursier\cache\v1\https\repo1.maven.org\maven2\ch\epfl\scala\bloop-rifle_2.13\2.0.19\bloop-rifle_2.13-2.0.19.jar;C:\Users\Om Panchal\AppData\Local\Coursier\cache\v1\https\repo1.maven.org\maven2\io\get-coursier\coursier-jvm_2.13\2.1.25-M23\coursier-jvm_2.13-2.1.25-M23.jar;C:\Users\Om Panchal\AppData\Local\Coursier\cache\v1\https\repo1.maven.org\maven2\io\get-coursier\dependency_3\0.3.2\dependency_3-0.3.2.jar;C:\Users\Om Panchal\AppData\Local\Coursier\cache\v1\https\repo1.maven.org\maven2\org\eclipse\jgit\org.eclipse.jgit\7.5.0.202512021534-r\org.eclipse.jgit-7.5.0.202512021534-r.jar;C:\Users\Om Panchal\AppData\Local\Coursier\cache\v1\https\repo1.maven.org\maven2\org\scala-js\scalajs-env-jsdom-nodejs_2.13\1.1.1\scalajs-env-jsdom-nodejs_2.13-1.1.1.jar;C:\Users\Om Panchal\AppData\Local\Coursier\cache\v1\https\repo1.maven.org\maven2\org\eclipse\lsp4j\org.eclipse.lsp4j.generator\0.20.1\org.eclipse.lsp4j.generator-0.20.1.jar;C:\Users\Om Panchal\AppData\Local\Coursier\cache\v1\https\repo1.maven.org\maven2\org\eclipse\lsp4j\org.eclipse.lsp4j.jsonrpc\0.20.1\org.eclipse.lsp4j.jsonrpc-0.20.1.jar;C:\Users\Om Panchal\AppData\Local\Coursier\cache\v1\https\repo1.maven.org\maven2\commons-logging\commons-logging\1.2\commons-logging-1.2.jar;C:\Users\Om Panchal\AppData\Local\Coursier\cache\v1\https\repo1.maven.org\maven2\io\grpc\grpc-context\1.27.2\grpc-context-1.27.2.jar;C:\Users\Om Panchal\AppData\Local\Coursier\cache\v1\https\repo1.maven.org\maven2\com\google\code\gson\gson\2.10.1\gson-2.10.1.jar;C:\Users\Om Panchal\AppData\Local\Coursier\cache\v1\https\repo1.maven.org\maven2\org\scala-sbt\util-interface\1.10.7\util-interface-1.10.7.jar;C:\Users\Om Panchal\AppData\Local\Coursier\cache\v1\https\repo1.maven.org\maven2\org\scalameta\trees_2.13\4.15.2\trees_2.13-4.15.2.jar;C:\Users\Om Panchal\AppData\Local\Coursier\cache\v1\https\repo1.maven.org\maven2\io\github\java-diff-utils\java-diff-utils\4.12\java-diff-utils-4.12.jar;C:\Users\Om Panchal\AppData\Local\Coursier\cache\v1\https\repo1.maven.org\maven2\ch\epfl\scala\libdaemon_2.13\0.0.12\libdaemon_2.13-0.0.12.jar;C:\Users\Om Panchal\AppData\Local\Coursier\cache\v1\https\repo1.maven.org\maven2\io\github\alexarchambault\scala-cli\snailgun\snailgun-core_2.13\0.4.1-sc2\snailgun-core_2.13-0.4.1-sc2.jar;C:\Users\Om Panchal\AppData\Local\Coursier\cache\v1\https\repo1.maven.org\maven2\io\get-coursier\coursier_2.13\2.1.25-M23\coursier_2.13-2.1.25-M23.jar;C:\Users\Om Panchal\AppData\Local\Coursier\cache\v1\https\repo1.maven.org\maven2\io\get-coursier\coursier-archive-cache_2.13\2.1.25-M23\coursier-archive-cache_2.13-2.1.25-M23.jar;C:\Users\Om Panchal\AppData\Local\Coursier\cache\v1\https\repo1.maven.org\maven2\io\get-coursier\coursier-env_2.13\2.1.25-M23\coursier-env_2.13-2.1.25-M23.jar;C:\Users\Om Panchal\AppData\Local\Coursier\cache\v1\https\repo1.maven.org\maven2\io\get-coursier\coursier-exec\2.1.25-M23\coursier-exec-2.1.25-M23.jar;C:\Users\Om Panchal\AppData\Local\Coursier\cache\v1\https\repo1.maven.org\maven2\com\googlecode\javaewah\JavaEWAH\1.2.3\JavaEWAH-1.2.3.jar;C:\Users\Om Panchal\AppData\Local\Coursier\cache\v1\https\repo1.maven.org\maven2\org\eclipse\xtend\org.eclipse.xtend.lib\2.28.0\org.eclipse.xtend.lib-2.28.0.jar;C:\Users\Om Panchal\AppData\Local\Coursier\cache\v1\https\repo1.maven.org\maven2\org\scalameta\common_2.13\4.15.2\common_2.13-4.15.2.jar;C:\Users\Om Panchal\AppData\Local\Coursier\cache\v1\https\repo1.maven.org\maven2\org\scalameta\io_2.13\4.15.2\io_2.13-4.15.2.jar;C:\Users\Om Panchal\AppData\Local\Coursier\cache\v1\https\repo1.maven.org\maven2\org\codehaus\plexus\plexus-archiver\4.10.1\plexus-archiver-4.10.1.jar;C:\Users\Om Panchal\AppData\Local\Coursier\cache\v1\https\repo1.maven.org\maven2\org\codehaus\plexus\plexus-container-default\2.1.1\plexus-container-default-2.1.1.jar;C:\Users\Om Panchal\AppData\Local\Coursier\cache\v1\https\repo1.maven.org\maven2\org\apache\tika\tika-core\3.2.3\tika-core-3.2.3.jar;C:\Users\Om Panchal\AppData\Local\Coursier\cache\v1\https\repo1.maven.org\maven2\com\github\luben\zstd-jni\1.5.7-4\zstd-jni-1.5.7-4.jar;C:\Users\Om Panchal\AppData\Local\Coursier\cache\v1\https\repo1.maven.org\maven2\org\eclipse\xtext\org.eclipse.xtext.xbase.lib\2.28.0\org.eclipse.xtext.xbase.lib-2.28.0.jar;C:\Users\Om Panchal\AppData\Local\Coursier\cache\v1\https\repo1.maven.org\maven2\org\eclipse\xtend\org.eclipse.xtend.lib.macro\2.28.0\org.eclipse.xtend.lib.macro-2.28.0.jar;C:\Users\Om Panchal\AppData\Local\Coursier\cache\v1\https\repo1.maven.org\maven2\javax\inject\javax.inject\1\javax.inject-1.jar;C:\Users\Om Panchal\AppData\Local\Coursier\cache\v1\https\repo1.maven.org\maven2\org\codehaus\plexus\plexus-utils\4.0.2\plexus-utils-4.0.2.jar;C:\Users\Om Panchal\AppData\Local\Coursier\cache\v1\https\repo1.maven.org\maven2\org\codehaus\plexus\plexus-io\3.5.1\plexus-io-3.5.1.jar;C:\Users\Om Panchal\AppData\Local\Coursier\cache\v1\https\repo1.maven.org\maven2\io\airlift\aircompressor\0.27\aircompressor-0.27.jar;C:\Users\Om Panchal\AppData\Local\Coursier\cache\v1\https\repo1.maven.org\maven2\org\tukaani\xz\1.10\xz-1.10.jar;C:\Users\Om Panchal\AppData\Local\Coursier\cache\v1\https\repo1.maven.org\maven2\org\codehaus\plexus\plexus-classworlds\2.6.0\plexus-classworlds-2.6.0.jar;C:\Users\Om Panchal\AppData\Local\Coursier\cache\v1\https\repo1.maven.org\maven2\org\apache\xbean\xbean-reflect\3.7\xbean-reflect-3.7.jar, scala.cli.ScalaCli, bsp, C:\Users\Om Panchal\OneDrive\Pictures\ドキュメント\GitHub\75_DSA_Problems_solved)
2026.07.13 17:45:24 INFO  tracing is disabled for protocol BSP, to enable tracing of incoming and outgoing JSON messages create an empty file at C:\Users\Om Panchal\OneDrive\Pictures\ドキュメント\GitHub\75_DSA_Problems_solved\.metals\bsp.trace.json or C:\Users\Om Panchal\AppData\Local\scalameta\metals\cache\bsp.trace.json
2026.07.13 17:45:24 INFO  Scala CLI: WARNING: A terminally deprecated method in sun.misc.Unsafe has been called
2026.07.13 17:45:24 INFO  Scala CLI: WARNING: sun.misc.Unsafe::objectFieldOffset has been called by scala.runtime.LazyVals$ (file:/C:/Users/Om%20Panchal/AppData/Local/Coursier/cache/v1/https/repo1.maven.org/maven2/org/scala-lang/scala3-library_3/3.3.7/scala3-library_3-3.3.7.jar)
2026.07.13 17:45:24 INFO  Scala CLI: WARNING: Please consider reporting this to the maintainers of class scala.runtime.LazyVals$
2026.07.13 17:45:24 INFO  Scala CLI: WARNING: sun.misc.Unsafe::objectFieldOffset will be removed in a future release
2026.07.13 17:45:24 INFO  Scala CLI: WARNING: A restricted method in java.lang.System has been called
2026.07.13 17:45:24 INFO  Scala CLI: WARNING: java.lang.System::load has been called by coursier.jniutils.LoadWindowsLibrary in an unnamed module (file:/C:/Users/Om%20Panchal/AppData/Local/Coursier/cache/v1/https/repo1.maven.org/maven2/io/get-coursier/jniutils/windows-jni-utils/0.3.3/windows-jni-utils-0.3.3.jar)
2026.07.13 17:45:24 INFO  Scala CLI: WARNING: Use --enable-native-access=ALL-UNNAMED to avoid a warning for callers in this module
2026.07.13 17:45:24 INFO  Scala CLI: WARNING: Restricted methods will be blocked in a future release unless native access is enabled
2026.07.13 17:45:24 INFO  Scala CLI: 
2026.07.13 17:45:27 INFO  Scala CLI: Error: java.nio.file.InvalidPathException: Illegal char <?> at index 38: C:\Users\Om Panchal\OneDrive\Pictures\??????\GitHub\75_DSA_Problems_solved
2026.07.13 17:45:27 INFO  Scala CLI: For more details, please see 'C:\Users\Om Panchal\OneDrive\Pictures\??????\GitHub\75_DSA_Problems_solved\.scala-build\stacktraces\1783944927-7472177883009359741.log'
2026.07.13 17:46:24 ERROR Timeout waiting for 'build/initialize' response
2026.07.13 17:46:24 WARN  Retrying connection to the build server Scala CLI
2026.07.13 17:46:24 INFO  Running List(C:\Program Files\Java\jdk-24\bin\java.exe, -cp, C:\Users\Om Panchal\AppData\Local\Coursier\cache\v1\https\repo1.maven.org\maven2\org\virtuslab\scala-cli\cli_3\1.12.4\cli_3-1.12.4.jar;C:\Users\Om Panchal\AppData\Local\Coursier\cache\v1\https\repo1.maven.org\maven2\com\github\alexarchambault\case-app_3\2.1.0\case-app_3-2.1.0.jar;C:\Users\Om Panchal\AppData\Local\Coursier\cache\v1\https\repo1.maven.org\maven2\io\get-coursier\coursier-launcher_2.13\2.1.25-M23\coursier-launcher_2.13-2.1.25-M23.jar;C:\Users\Om Panchal\AppData\Local\Coursier\cache\v1\https\repo1.maven.org\maven2\io\get-coursier\coursier-proxy-setup\2.1.25-M23\coursier-proxy-setup-2.1.25-M23.jar;C:\Users\Om Panchal\AppData\Local\Coursier\cache\v1\https\repo1.maven.org\maven2\io\get-coursier\publish\publish_3\0.4.4\publish_3-0.4.4.jar;C:\Users\Om Panchal\AppData\Local\Coursier\cache\v1\https\repo1.maven.org\maven2\com\google\jimfs\jimfs\1.3.1\jimfs-1.3.1.jar;C:\Users\Om Panchal\AppData\Local\Coursier\cache\v1\https\repo1.maven.org\maven2\io\get-coursier\jniutils\windows-jni-utils\0.3.3\windows-jni-utils-0.3.3.jar;C:\Users\Om Panchal\AppData\Local\Coursier\cache\v1\https\repo1.maven.org\maven2\com\github\plokhotnyuk\jsoniter-scala\jsoniter-scala-core_3\2.38.8\jsoniter-scala-core_3-2.38.8.jar;C:\Users\Om Panchal\AppData\Local\Coursier\cache\v1\https\repo1.maven.org\maven2\org\virtuslab\scala-cli\libsodiumjni\0.0.4\libsodiumjni-0.0.4.jar;C:\Users\Om Panchal\AppData\Local\Coursier\cache\v1\https\repo1.maven.org\maven2\org\scalameta\metaconfig-typesafe-config_3\0.18.2\metaconfig-typesafe-config_3-0.18.2.jar;C:\Users\Om Panchal\AppData\Local\Coursier\cache\v1\https\repo1.maven.org\maven2\ai\kien\python-native-libs_3\0.2.5\python-native-libs_3-0.2.5.jar;C:\Users\Om Panchal\AppData\Local\Coursier\cache\v1\https\repo1.maven.org\maven2\org\virtuslab\scala-packager_3\0.2.1\scala-packager_3-0.2.1.jar;C:\Users\Om Panchal\AppData\Local\Coursier\cache\v1\https\repo1.maven.org\maven2\org\virtuslab\scala-cli-signing\cli_3\0.2.13\cli_3-0.2.13.jar;C:\Users\Om Panchal\AppData\Local\Coursier\cache\v1\https\repo1.maven.org\maven2\org\slf4j\slf4j-nop\2.0.17\slf4j-nop-2.0.17.jar;C:\Users\Om Panchal\AppData\Local\Coursier\cache\v1\https\repo1.maven.org\maven2\com\softwaremill\sttp\client3\core_3\3.11.0\core_3-3.11.0.jar;C:\Users\Om Panchal\AppData\Local\Coursier\cache\v1\https\repo1.maven.org\maven2\ch\epfl\scala\scalafix-interfaces\0.14.5\scalafix-interfaces-0.14.5.jar;C:\Users\Om Panchal\AppData\Local\Coursier\cache\v1\https\repo1.maven.org\maven2\org\virtuslab\scala-cli\scala3-graal_3\1.9.1\scala3-graal_3-1.9.1.jar;C:\Users\Om Panchal\AppData\Local\Coursier\cache\v1\https\repo1.maven.org\maven2\org\virtuslab\scala-cli\scala3-graal-processor_3\1.9.1\scala3-graal-processor_3-1.9.1.jar;C:\Users\Om Panchal\AppData\Local\Coursier\cache\v1\https\repo1.maven.org\maven2\org\scala-lang\scala3-library_3\3.3.7\scala3-library_3-3.3.7.jar;C:\Users\Om Panchal\AppData\Local\Coursier\cache\v1\https\repo1.maven.org\maven2\org\virtuslab\scala-cli\build-module_3\1.12.4\build-module_3-1.12.4.jar;C:\Users\Om Panchal\AppData\Local\Coursier\cache\v1\https\repo1.maven.org\maven2\org\virtuslab\scala-cli\config_3\1.12.4\config_3-1.12.4.jar;C:\Users\Om Panchal\AppData\Local\Coursier\cache\v1\https\repo1.maven.org\maven2\org\virtuslab\scala-cli\specification-level_3\1.12.4\specification-level_3-1.12.4.jar;C:\Users\Om Panchal\AppData\Local\Coursier\cache\v1\https\repo1.maven.org\maven2\com\lihaoyi\sourcecode_3\0.4.3-M5\sourcecode_3-0.4.3-M5.jar;C:\Users\Om Panchal\AppData\Local\Coursier\cache\v1\https\repo1.maven.org\maven2\com\github\alexarchambault\case-app-annotations_3\2.1.0\case-app-annotations_3-2.1.0.jar;C:\Users\Om Panchal\AppData\Local\Coursier\cache\v1\https\repo1.maven.org\maven2\com\github\alexarchambault\case-app-util_3\2.1.0\case-app-util_3-2.1.0.jar;C:\Users\Om Panchal\AppData\Local\Coursier\cache\v1\https\repo1.maven.org\maven2\io\github\alexarchambault\scala-cli\tmp\zip-input-stream\0.1.1\zip-input-stream-0.1.1.jar;C:\Users\Om Panchal\AppData\Local\Coursier\cache\v1\https\repo1.maven.org\maven2\org\scala-lang\scala-library\2.13.18\scala-library-2.13.18.jar;C:\Users\Om Panchal\AppData\Local\Coursier\cache\v1\https\repo1.maven.org\maven2\io\get-coursier\coursier-cache_2.13\2.1.25-M23\coursier-cache_2.13-2.1.25-M23.jar;C:\Users\Om Panchal\AppData\Local\Coursier\cache\v1\https\repo1.maven.org\maven2\io\get-coursier\coursier-core_2.13\2.1.25-M23\coursier-core_2.13-2.1.25-M23.jar;C:\Users\Om Panchal\AppData\Local\Coursier\cache\v1\https\repo1.maven.org\maven2\com\google\guava\guava\33.5.0-jre\guava-33.5.0-jre.jar;C:\Users\Om Panchal\AppData\Local\Coursier\cache\v1\https\repo1.maven.org\maven2\net\java\dev\jna\jna\5.17.0\jna-5.17.0.jar;C:\Users\Om Panchal\AppData\Local\Coursier\cache\v1\https\repo1.maven.org\maven2\net\java\dev\jna\jna-platform\5.12.1\jna-platform-5.12.1.jar;C:\Users\Om Panchal\AppData\Local\Coursier\cache\v1\https\repo1.maven.org\maven2\org\scalameta\metaconfig-core_3\0.18.2\metaconfig-core_3-0.18.2.jar;C:\Users\Om Panchal\AppData\Local\Coursier\cache\v1\https\repo1.maven.org\maven2\com\typesafe\config\1.4.5\config-1.4.5.jar;C:\Users\Om Panchal\AppData\Local\Coursier\cache\v1\https\repo1.maven.org\maven2\org\scala-lang\modules\scala-collection-compat_3\2.14.0\scala-collection-compat_3-2.14.0.jar;C:\Users\Om Panchal\AppData\Local\Coursier\cache\v1\https\repo1.maven.org\maven2\commons-io\commons-io\2.20.0\commons-io-2.20.0.jar;C:\Users\Om Panchal\AppData\Local\Coursier\cache\v1\https\repo1.maven.org\maven2\com\google\cloud\tools\jib-core\0.27.3\jib-core-0.27.3.jar;C:\Users\Om Panchal\AppData\Local\Coursier\cache\v1\https\repo1.maven.org\maven2\com\lihaoyi\os-lib_3\0.11.8\os-lib_3-0.11.8.jar;C:\Users\Om Panchal\AppData\Local\Coursier\cache\v1\https\repo1.maven.org\maven2\org\bouncycastle\bcpg-jdk18on\1.83\bcpg-jdk18on-1.83.jar;C:\Users\Om Panchal\AppData\Local\Coursier\cache\v1\https\repo1.maven.org\maven2\org\bouncycastle\bcutil-jdk18on\1.83\bcutil-jdk18on-1.83.jar;C:\Users\Om Panchal\AppData\Local\Coursier\cache\v1\https\repo1.maven.org\maven2\org\virtuslab\scala-cli-signing\shared_3\0.2.13\shared_3-0.2.13.jar;C:\Users\Om Panchal\AppData\Local\Coursier\cache\v1\https\repo1.maven.org\maven2\org\slf4j\slf4j-api\2.0.17\slf4j-api-2.0.17.jar;C:\Users\Om Panchal\AppData\Local\Coursier\cache\v1\https\repo1.maven.org\maven2\com\softwaremill\sttp\model\core_3\1.7.11\core_3-1.7.11.jar;C:\Users\Om Panchal\AppData\Local\Coursier\cache\v1\https\repo1.maven.org\maven2\com\softwaremill\sttp\shared\core_3\1.3.22\core_3-1.3.22.jar;C:\Users\Om Panchal\AppData\Local\Coursier\cache\v1\https\repo1.maven.org\maven2\com\softwaremill\sttp\shared\ws_3\1.3.22\ws_3-1.3.22.jar;C:\Users\Om Panchal\AppData\Local\Coursier\cache\v1\https\repo1.maven.org\maven2\io\get-coursier\interface\1.0.28\interface-1.0.28.jar;C:\Users\Om Panchal\AppData\Local\Coursier\cache\v1\https\repo1.maven.org\maven2\org\ow2\asm\asm\9.9.1\asm-9.9.1.jar;C:\Users\Om Panchal\AppData\Local\Coursier\cache\v1\https\repo1.maven.org\maven2\org\virtuslab\scala-cli\java-class-name\java-class-name_3\0.1.9\java-class-name_3-0.1.9.jar;C:\Users\Om Panchal\AppData\Local\Coursier\cache\v1\https\repo1.maven.org\maven2\org\scalameta\semanticdb-shared_2.13\4.15.2\semanticdb-shared_2.13-4.15.2.jar;C:\Users\Om Panchal\AppData\Local\Coursier\cache\v1\https\repo1.maven.org\maven2\org\scala-native\test-runner_3\0.5.10\test-runner_3-0.5.10.jar;C:\Users\Om Panchal\AppData\Local\Coursier\cache\v1\https\repo1.maven.org\maven2\com\lihaoyi\pprint_3\0.9.5\pprint_3-0.9.5.jar;C:\Users\Om Panchal\AppData\Local\Coursier\cache\v1\https\repo1.maven.org\maven2\org\scala-js\scalajs-env-nodejs_3\1.5.0\scalajs-env-nodejs_3-1.5.0.jar;C:\Users\Om Panchal\AppData\Local\Coursier\cache\v1\https\repo1.maven.org\maven2\org\scala-js\scalajs-sbt-test-adapter_2.13\1.20.2\scalajs-sbt-test-adapter_2.13-1.20.2.jar;C:\Users\Om Panchal\AppData\Local\Coursier\cache\v1\https\repo1.maven.org\maven2\com\swoval\file-tree-views\2.1.12\file-tree-views-2.1.12.jar;C:\Users\Om Panchal\AppData\Local\Coursier\cache\v1\https\repo1.maven.org\maven2\org\virtuslab\scala-cli\zip-input-stream\zip-input-stream\0.1.3\zip-input-stream-0.1.3.jar;C:\Users\Om Panchal\AppData\Local\Coursier\cache\v1\https\repo1.maven.org\maven2\org\virtuslab\scala-cli\options_3\1.12.4\options_3-1.12.4.jar;C:\Users\Om Panchal\AppData\Local\Coursier\cache\v1\https\repo1.maven.org\maven2\org\virtuslab\scala-cli\directives_3\1.12.4\directives_3-1.12.4.jar;C:\Users\Om Panchal\AppData\Local\Coursier\cache\v1\https\repo1.maven.org\maven2\org\virtuslab\scala-cli\scala-cli-bsp\1.12.4\scala-cli-bsp-1.12.4.jar;C:\Users\Om Panchal\AppData\Local\Coursier\cache\v1\https\repo1.maven.org\maven2\org\virtuslab\scala-cli\test-runner_3\1.12.4\test-runner_3-1.12.4.jar;C:\Users\Om Panchal\AppData\Local\Coursier\cache\v1\https\repo1.maven.org\maven2\org\virtuslab\scala-cli\tasty-lib_3\1.12.4\tasty-lib_3-1.12.4.jar;C:\Users\Om Panchal\AppData\Local\Coursier\cache\v1\https\repo1.maven.org\maven2\io\github\alexarchambault\windows-ansi\windows-ansi\0.0.6\windows-ansi-0.0.6.jar;C:\Users\Om Panchal\AppData\Local\Coursier\cache\v1\https\repo1.maven.org\maven2\io\get-coursier\cache-util\2.1.25-M23\cache-util-2.1.25-M23.jar;C:\Users\Om Panchal\AppData\Local\Coursier\cache\v1\https\repo1.maven.org\maven2\io\get-coursier\coursier-paths\2.1.25-M23\coursier-paths-2.1.25-M23.jar;C:\Users\Om Panchal\AppData\Local\Coursier\cache\v1\https\repo1.maven.org\maven2\io\get-coursier\coursier-util_2.13\2.1.25-M23\coursier-util_2.13-2.1.25-M23.jar;C:\Users\Om Panchal\AppData\Local\Coursier\cache\v1\https\repo1.maven.org\maven2\io\get-coursier\versions_2.13\0.5.1\versions_2.13-0.5.1.jar;C:\Users\Om Panchal\AppData\Local\Coursier\cache\v1\https\repo1.maven.org\maven2\io\github\alexarchambault\concurrent-reference-hash-map\1.1.0\concurrent-reference-hash-map-1.1.0.jar;C:\Users\Om Panchal\AppData\Local\Coursier\cache\v1\https\repo1.maven.org\maven2\org\scala-lang\modules\scala-xml_2.13\2.4.0\scala-xml_2.13-2.4.0.jar;C:\Users\Om Panchal\AppData\Local\Coursier\cache\v1\https\repo1.maven.org\maven2\com\google\guava\failureaccess\1.0.3\failureaccess-1.0.3.jar;C:\Users\Om Panchal\AppData\Local\Coursier\cache\v1\https\repo1.maven.org\maven2\com\google\guava\listenablefuture\9999.0-empty-to-avoid-conflict-with-guava\listenablefuture-9999.0-empty-to-avoid-conflict-with-guava.jar;C:\Users\Om Panchal\AppData\Local\Coursier\cache\v1\https\repo1.maven.org\maven2\org\jspecify\jspecify\1.0.0\jspecify-1.0.0.jar;C:\Users\Om Panchal\AppData\Local\Coursier\cache\v1\https\repo1.maven.org\maven2\com\google\errorprone\error_prone_annotations\2.41.0\error_prone_annotations-2.41.0.jar;C:\Users\Om Panchal\AppData\Local\Coursier\cache\v1\https\repo1.maven.org\maven2\com\google\j2objc\j2objc-annotations\3.1\j2objc-annotations-3.1.jar;C:\Users\Om Panchal\AppData\Local\Coursier\cache\v1\https\repo1.maven.org\maven2\org\scalameta\metaconfig-pprint_3\0.18.2\metaconfig-pprint_3-0.18.2.jar;C:\Users\Om Panchal\AppData\Local\Coursier\cache\v1\https\repo1.maven.org\maven2\org\typelevel\paiges-core_3\0.4.4\paiges-core_3-0.4.4.jar;C:\Users\Om Panchal\AppData\Local\Coursier\cache\v1\https\repo1.maven.org\maven2\org\scala-lang\scala-reflect\2.13.18\scala-reflect-2.13.18.jar;C:\Users\Om Panchal\AppData\Local\Coursier\cache\v1\https\repo1.maven.org\maven2\com\google\cloud\tools\jib-build-plan\0.4.0\jib-build-plan-0.4.0.jar;C:\Users\Om Panchal\AppData\Local\Coursier\cache\v1\https\repo1.maven.org\maven2\com\google\http-client\google-http-client\1.42.2\google-http-client-1.42.2.jar;C:\Users\Om Panchal\AppData\Local\Coursier\cache\v1\https\repo1.maven.org\maven2\com\google\http-client\google-http-client-apache-v2\1.42.2\google-http-client-apache-v2-1.42.2.jar;C:\Users\Om Panchal\AppData\Local\Coursier\cache\v1\https\repo1.maven.org\maven2\com\google\auth\google-auth-library-oauth2-http\1.10.0\google-auth-library-oauth2-http-1.10.0.jar;C:\Users\Om Panchal\AppData\Local\Coursier\cache\v1\https\repo1.maven.org\maven2\org\apache\commons\commons-compress\1.28.0\commons-compress-1.28.0.jar;C:\Users\Om Panchal\AppData\Local\Coursier\cache\v1\https\repo1.maven.org\maven2\com\fasterxml\jackson\core\jackson-databind\2.15.2\jackson-databind-2.15.2.jar;C:\Users\Om Panchal\AppData\Local\Coursier\cache\v1\https\repo1.maven.org\maven2\com\fasterxml\jackson\datatype\jackson-datatype-jsr310\2.15.2\jackson-datatype-jsr310-2.15.2.jar;C:\Users\Om Panchal\AppData\Local\Coursier\cache\v1\https\repo1.maven.org\maven2\com\lihaoyi\geny_3\1.1.1\geny_3-1.1.1.jar;C:\Users\Om Panchal\AppData\Local\Coursier\cache\v1\https\repo1.maven.org\maven2\com\lihaoyi\os-zip\0.11.8\os-zip-0.11.8.jar;C:\Users\Om Panchal\AppData\Local\Coursier\cache\v1\https\repo1.maven.org\maven2\org\bouncycastle\bcprov-jdk18on\1.83\bcprov-jdk18on-1.83.jar;C:\Users\Om Panchal\AppData\Local\Coursier\cache\v1\https\repo1.maven.org\maven2\org\jline\jline-terminal-jni\3.25.0\jline-terminal-jni-3.25.0.jar;C:\Users\Om Panchal\AppData\Local\Coursier\cache\v1\https\repo1.maven.org\maven2\org\jline\jline-native\3.25.0\jline-native-3.25.0.jar;C:\Users\Om Panchal\AppData\Local\Coursier\cache\v1\https\repo1.maven.org\maven2\org\scala-lang\scala3-compiler_3\3.3.7\scala3-compiler_3-3.3.7.jar;C:\Users\Om Panchal\AppData\Local\Coursier\cache\v1\https\repo1.maven.org\maven2\org\scalameta\scalameta_2.13\4.15.2\scalameta_2.13-4.15.2.jar;C:\Users\Om Panchal\AppData\Local\Coursier\cache\v1\https\repo1.maven.org\maven2\org\scala-lang\scalap\2.13.15\scalap-2.13.15.jar;C:\Users\Om Panchal\AppData\Local\Coursier\cache\v1\https\repo1.maven.org\maven2\com\thesamet\scalapb\scalapb-runtime_2.13\0.11.17\scalapb-runtime_2.13-0.11.17.jar;C:\Users\Om Panchal\AppData\Local\Coursier\cache\v1\https\repo1.maven.org\maven2\org\scala-native\tools_3\0.5.10\tools_3-0.5.10.jar;C:\Users\Om Panchal\AppData\Local\Coursier\cache\v1\https\repo1.maven.org\maven2\org\scala-sbt\test-interface\1.0\test-interface-1.0.jar;C:\Users\Om Panchal\AppData\Local\Coursier\cache\v1\https\repo1.maven.org\maven2\com\lihaoyi\fansi_3\0.5.1\fansi_3-0.5.1.jar;C:\Users\Om Panchal\AppData\Local\Coursier\cache\v1\https\repo1.maven.org\maven2\org\scala-js\scalajs-js-envs_3\1.5.0\scalajs-js-envs_3-1.5.0.jar;C:\Users\Om Panchal\AppData\Local\Coursier\cache\v1\https\repo1.maven.org\maven2\ch\epfl\scala\bloop-config_2.13\2.3.3\bloop-config_2.13-2.3.3.jar;C:\Users\Om Panchal\AppData\Local\Coursier\cache\v1\https\repo1.maven.org\maven2\org\virtuslab\scala-cli\core_3\1.12.4\core_3-1.12.4.jar;C:\Users\Om Panchal\AppData\Local\Coursier\cache\v1\https\repo1.maven.org\maven2\org\virtuslab\using_directives\1.1.4\using_directives-1.1.4.jar;C:\Users\Om Panchal\AppData\Local\Coursier\cache\v1\https\repo1.maven.org\maven2\org\virtuslab\scala-cli\build-macros_3\1.12.4\build-macros_3-1.12.4.jar;C:\Users\Om Panchal\AppData\Local\Coursier\cache\v1\https\repo1.maven.org\maven2\ch\epfl\scala\bsp4j\2.1.1\bsp4j-2.1.1.jar;C:\Users\Om Panchal\AppData\Local\Coursier\cache\v1\https\repo1.maven.org\maven2\org\fusesource\jansi\jansi\2.4.1\jansi-2.4.1.jar;C:\Users\Om Panchal\AppData\Local\Coursier\cache\v1\https\repo1.maven.org\maven2\io\github\alexarchambault\is-terminal\0.1.2\is-terminal-0.1.2.jar;C:\Users\Om Panchal\AppData\Local\Coursier\cache\v1\https\repo1.maven.org\maven2\org\apache\httpcomponents\httpclient\4.5.13\httpclient-4.5.13.jar;C:\Users\Om Panchal\AppData\Local\Coursier\cache\v1\https\repo1.maven.org\maven2\org\apache\httpcomponents\httpcore\4.4.15\httpcore-4.4.15.jar;C:\Users\Om Panchal\AppData\Local\Coursier\cache\v1\https\repo1.maven.org\maven2\com\google\code\findbugs\jsr305\3.0.2\jsr305-3.0.2.jar;C:\Users\Om Panchal\AppData\Local\Coursier\cache\v1\https\repo1.maven.org\maven2\io\opencensus\opencensus-api\0.31.1\opencensus-api-0.31.1.jar;C:\Users\Om Panchal\AppData\Local\Coursier\cache\v1\https\repo1.maven.org\maven2\io\opencensus\opencensus-contrib-http-util\0.31.1\opencensus-contrib-http-util-0.31.1.jar;C:\Users\Om Panchal\AppData\Local\Coursier\cache\v1\https\repo1.maven.org\maven2\com\google\auto\value\auto-value-annotations\1.9\auto-value-annotations-1.9.jar;C:\Users\Om Panchal\AppData\Local\Coursier\cache\v1\https\repo1.maven.org\maven2\com\google\auth\google-auth-library-credentials\1.10.0\google-auth-library-credentials-1.10.0.jar;C:\Users\Om Panchal\AppData\Local\Coursier\cache\v1\https\repo1.maven.org\maven2\com\google\http-client\google-http-client-gson\1.42.2\google-http-client-gson-1.42.2.jar;C:\Users\Om Panchal\AppData\Local\Coursier\cache\v1\https\repo1.maven.org\maven2\commons-codec\commons-codec\1.20.0\commons-codec-1.20.0.jar;C:\Users\Om Panchal\AppData\Local\Coursier\cache\v1\https\repo1.maven.org\maven2\org\apache\commons\commons-lang3\3.18.0\commons-lang3-3.18.0.jar;C:\Users\Om Panchal\AppData\Local\Coursier\cache\v1\https\repo1.maven.org\maven2\com\fasterxml\jackson\core\jackson-annotations\2.15.2\jackson-annotations-2.15.2.jar;C:\Users\Om Panchal\AppData\Local\Coursier\cache\v1\https\repo1.maven.org\maven2\com\fasterxml\jackson\core\jackson-core\2.15.2\jackson-core-2.15.2.jar;C:\Users\Om Panchal\AppData\Local\Coursier\cache\v1\https\repo1.maven.org\maven2\org\scala-lang\scala3-interfaces\3.3.7\scala3-interfaces-3.3.7.jar;C:\Users\Om Panchal\AppData\Local\Coursier\cache\v1\https\repo1.maven.org\maven2\org\scala-lang\tasty-core_3\3.3.7\tasty-core_3-3.3.7.jar;C:\Users\Om Panchal\AppData\Local\Coursier\cache\v1\https\repo1.maven.org\maven2\org\scala-lang\modules\scala-asm\9.8.0-scala-1\scala-asm-9.8.0-scala-1.jar;C:\Users\Om Panchal\AppData\Local\Coursier\cache\v1\https\repo1.maven.org\maven2\org\scala-sbt\compiler-interface\1.10.7\compiler-interface-1.10.7.jar;C:\Users\Om Panchal\AppData\Local\Coursier\cache\v1\https\repo1.maven.org\maven2\org\scalameta\parsers_2.13\4.15.2\parsers_2.13-4.15.2.jar;C:\Users\Om Panchal\AppData\Local\Coursier\cache\v1\https\repo1.maven.org\maven2\org\scala-lang\scala-compiler\2.13.15\scala-compiler-2.13.15.jar;C:\Users\Om Panchal\AppData\Local\Coursier\cache\v1\https\repo1.maven.org\maven2\com\thesamet\scalapb\lenses_2.13\0.11.17\lenses_2.13-0.11.17.jar;C:\Users\Om Panchal\AppData\Local\Coursier\cache\v1\https\repo1.maven.org\maven2\com\google\protobuf\protobuf-java\3.19.6\protobuf-java-3.19.6.jar;C:\Users\Om Panchal\AppData\Local\Coursier\cache\v1\https\repo1.maven.org\maven2\org\scala-native\nir_3\0.5.10\nir_3-0.5.10.jar;C:\Users\Om Panchal\AppData\Local\Coursier\cache\v1\https\repo1.maven.org\maven2\org\scala-native\util_3\0.5.10\util_3-0.5.10.jar;C:\Users\Om Panchal\AppData\Local\Coursier\cache\v1\https\repo1.maven.org\maven2\org\scala-js\scalajs-logging_3\1.2.0\scalajs-logging_3-1.2.0.jar;C:\Users\Om Panchal\AppData\Local\Coursier\cache\v1\https\repo1.maven.org\maven2\com\lihaoyi\unroll-annotation_2.13\0.1.12\unroll-annotation_2.13-0.1.12.jar;C:\Users\Om Panchal\AppData\Local\Coursier\cache\v1\https\repo1.maven.org\maven2\ch\epfl\scala\bloop-rifle_2.13\2.0.19\bloop-rifle_2.13-2.0.19.jar;C:\Users\Om Panchal\AppData\Local\Coursier\cache\v1\https\repo1.maven.org\maven2\io\get-coursier\coursier-jvm_2.13\2.1.25-M23\coursier-jvm_2.13-2.1.25-M23.jar;C:\Users\Om Panchal\AppData\Local\Coursier\cache\v1\https\repo1.maven.org\maven2\io\get-coursier\dependency_3\0.3.2\dependency_3-0.3.2.jar;C:\Users\Om Panchal\AppData\Local\Coursier\cache\v1\https\repo1.maven.org\maven2\org\eclipse\jgit\org.eclipse.jgit\7.5.0.202512021534-r\org.eclipse.jgit-7.5.0.202512021534-r.jar;C:\Users\Om Panchal\AppData\Local\Coursier\cache\v1\https\repo1.maven.org\maven2\org\scala-js\scalajs-env-jsdom-nodejs_2.13\1.1.1\scalajs-env-jsdom-nodejs_2.13-1.1.1.jar;C:\Users\Om Panchal\AppData\Local\Coursier\cache\v1\https\repo1.maven.org\maven2\org\eclipse\lsp4j\org.eclipse.lsp4j.generator\0.20.1\org.eclipse.lsp4j.generator-0.20.1.jar;C:\Users\Om Panchal\AppData\Local\Coursier\cache\v1\https\repo1.maven.org\maven2\org\eclipse\lsp4j\org.eclipse.lsp4j.jsonrpc\0.20.1\org.eclipse.lsp4j.jsonrpc-0.20.1.jar;C:\Users\Om Panchal\AppData\Local\Coursier\cache\v1\https\repo1.maven.org\maven2\commons-logging\commons-logging\1.2\commons-logging-1.2.jar;C:\Users\Om Panchal\AppData\Local\Coursier\cache\v1\https\repo1.maven.org\maven2\io\grpc\grpc-context\1.27.2\grpc-context-1.27.2.jar;C:\Users\Om Panchal\AppData\Local\Coursier\cache\v1\https\repo1.maven.org\maven2\com\google\code\gson\gson\2.10.1\gson-2.10.1.jar;C:\Users\Om Panchal\AppData\Local\Coursier\cache\v1\https\repo1.maven.org\maven2\org\scala-sbt\util-interface\1.10.7\util-interface-1.10.7.jar;C:\Users\Om Panchal\AppData\Local\Coursier\cache\v1\https\repo1.maven.org\maven2\org\scalameta\trees_2.13\4.15.2\trees_2.13-4.15.2.jar;C:\Users\Om Panchal\AppData\Local\Coursier\cache\v1\https\repo1.maven.org\maven2\io\github\java-diff-utils\java-diff-utils\4.12\java-diff-utils-4.12.jar;C:\Users\Om Panchal\AppData\Local\Coursier\cache\v1\https\repo1.maven.org\maven2\ch\epfl\scala\libdaemon_2.13\0.0.12\libdaemon_2.13-0.0.12.jar;C:\Users\Om Panchal\AppData\Local\Coursier\cache\v1\https\repo1.maven.org\maven2\io\github\alexarchambault\scala-cli\snailgun\snailgun-core_2.13\0.4.1-sc2\snailgun-core_2.13-0.4.1-sc2.jar;C:\Users\Om Panchal\AppData\Local\Coursier\cache\v1\https\repo1.maven.org\maven2\io\get-coursier\coursier_2.13\2.1.25-M23\coursier_2.13-2.1.25-M23.jar;C:\Users\Om Panchal\AppData\Local\Coursier\cache\v1\https\repo1.maven.org\maven2\io\get-coursier\coursier-archive-cache_2.13\2.1.25-M23\coursier-archive-cache_2.13-2.1.25-M23.jar;C:\Users\Om Panchal\AppData\Local\Coursier\cache\v1\https\repo1.maven.org\maven2\io\get-coursier\coursier-env_2.13\2.1.25-M23\coursier-env_2.13-2.1.25-M23.jar;C:\Users\Om Panchal\AppData\Local\Coursier\cache\v1\https\repo1.maven.org\maven2\io\get-coursier\coursier-exec\2.1.25-M23\coursier-exec-2.1.25-M23.jar;C:\Users\Om Panchal\AppData\Local\Coursier\cache\v1\https\repo1.maven.org\maven2\com\googlecode\javaewah\JavaEWAH\1.2.3\JavaEWAH-1.2.3.jar;C:\Users\Om Panchal\AppData\Local\Coursier\cache\v1\https\repo1.maven.org\maven2\org\eclipse\xtend\org.eclipse.xtend.lib\2.28.0\org.eclipse.xtend.lib-2.28.0.jar;C:\Users\Om Panchal\AppData\Local\Coursier\cache\v1\https\repo1.maven.org\maven2\org\scalameta\common_2.13\4.15.2\common_2.13-4.15.2.jar;C:\Users\Om Panchal\AppData\Local\Coursier\cache\v1\https\repo1.maven.org\maven2\org\scalameta\io_2.13\4.15.2\io_2.13-4.15.2.jar;C:\Users\Om Panchal\AppData\Local\Coursier\cache\v1\https\repo1.maven.org\maven2\org\codehaus\plexus\plexus-archiver\4.10.1\plexus-archiver-4.10.1.jar;C:\Users\Om Panchal\AppData\Local\Coursier\cache\v1\https\repo1.maven.org\maven2\org\codehaus\plexus\plexus-container-default\2.1.1\plexus-container-default-2.1.1.jar;C:\Users\Om Panchal\AppData\Local\Coursier\cache\v1\https\repo1.maven.org\maven2\org\apache\tika\tika-core\3.2.3\tika-core-3.2.3.jar;C:\Users\Om Panchal\AppData\Local\Coursier\cache\v1\https\repo1.maven.org\maven2\com\github\luben\zstd-jni\1.5.7-4\zstd-jni-1.5.7-4.jar;C:\Users\Om Panchal\AppData\Local\Coursier\cache\v1\https\repo1.maven.org\maven2\org\eclipse\xtext\org.eclipse.xtext.xbase.lib\2.28.0\org.eclipse.xtext.xbase.lib-2.28.0.jar;C:\Users\Om Panchal\AppData\Local\Coursier\cache\v1\https\repo1.maven.org\maven2\org\eclipse\xtend\org.eclipse.xtend.lib.macro\2.28.0\org.eclipse.xtend.lib.macro-2.28.0.jar;C:\Users\Om Panchal\AppData\Local\Coursier\cache\v1\https\repo1.maven.org\maven2\javax\inject\javax.inject\1\javax.inject-1.jar;C:\Users\Om Panchal\AppData\Local\Coursier\cache\v1\https\repo1.maven.org\maven2\org\codehaus\plexus\plexus-utils\4.0.2\plexus-utils-4.0.2.jar;C:\Users\Om Panchal\AppData\Local\Coursier\cache\v1\https\repo1.maven.org\maven2\org\codehaus\plexus\plexus-io\3.5.1\plexus-io-3.5.1.jar;C:\Users\Om Panchal\AppData\Local\Coursier\cache\v1\https\repo1.maven.org\maven2\io\airlift\aircompressor\0.27\aircompressor-0.27.jar;C:\Users\Om Panchal\AppData\Local\Coursier\cache\v1\https\repo1.maven.org\maven2\org\tukaani\xz\1.10\xz-1.10.jar;C:\Users\Om Panchal\AppData\Local\Coursier\cache\v1\https\repo1.maven.org\maven2\org\codehaus\plexus\plexus-classworlds\2.6.0\plexus-classworlds-2.6.0.jar;C:\Users\Om Panchal\AppData\Local\Coursier\cache\v1\https\repo1.maven.org\maven2\org\apache\xbean\xbean-reflect\3.7\xbean-reflect-3.7.jar, scala.cli.ScalaCli, bsp, C:\Users\Om Panchal\OneDrive\Pictures\ドキュメント\GitHub\75_DSA_Problems_solved)
2026.07.13 17:46:24 INFO  tracing is disabled for protocol BSP, to enable tracing of incoming and outgoing JSON messages create an empty file at C:\Users\Om Panchal\OneDrive\Pictures\ドキュメント\GitHub\75_DSA_Problems_solved\.metals\bsp.trace.json or C:\Users\Om Panchal\AppData\Local\scalameta\metals\cache\bsp.trace.json
2026.07.13 17:46:25 INFO  Scala CLI: WARNING: A terminally deprecated method in sun.misc.Unsafe has been called
2026.07.13 17:46:25 INFO  Scala CLI: WARNING: sun.misc.Unsafe::objectFieldOffset has been called by scala.runtime.LazyVals$ (file:/C:/Users/Om%20Panchal/AppData/Local/Coursier/cache/v1/https/repo1.maven.org/maven2/org/scala-lang/scala3-library_3/3.3.7/scala3-library_3-3.3.7.jar)
2026.07.13 17:46:25 INFO  Scala CLI: WARNING: Please consider reporting this to the maintainers of class scala.runtime.LazyVals$
2026.07.13 17:46:25 INFO  Scala CLI: WARNING: sun.misc.Unsafe::objectFieldOffset will be removed in a future release
2026.07.13 17:46:25 INFO  Scala CLI: WARNING: A restricted method in java.lang.System has been called
2026.07.13 17:46:25 INFO  Scala CLI: WARNING: java.lang.System::load has been called by coursier.jniutils.LoadWindowsLibrary in an unnamed module (file:/C:/Users/Om%20Panchal/AppData/Local/Coursier/cache/v1/https/repo1.maven.org/maven2/io/get-coursier/jniutils/windows-jni-utils/0.3.3/windows-jni-utils-0.3.3.jar)
2026.07.13 17:46:25 INFO  Scala CLI: WARNING: Use --enable-native-access=ALL-UNNAMED to avoid a warning for callers in this module
2026.07.13 17:46:25 INFO  Scala CLI: WARNING: Restricted methods will be blocked in a future release unless native access is enabled
2026.07.13 17:46:25 INFO  Scala CLI: 
2026.07.13 17:46:28 INFO  Scala CLI: Error: java.nio.file.InvalidPathException: Illegal char <?> at index 38: C:\Users\Om Panchal\OneDrive\Pictures\??????\GitHub\75_DSA_Problems_solved
2026.07.13 17:46:28 INFO  Scala CLI: For more details, please see 'C:\Users\Om Panchal\OneDrive\Pictures\??????\GitHub\75_DSA_Problems_solved\.scala-build\stacktraces\1783944988-2272624219712418919.log'
2026.07.13 17:47:24 ERROR Timeout waiting for 'build/initialize' response
2026.07.13 17:47:24 ERROR Error starting Scala CLI
java.util.concurrent.TimeoutException
	at java.util.concurrent.CompletableFuture.timedGet(CompletableFuture.java:2006)
	at java.util.concurrent.CompletableFuture.get(CompletableFuture.java:2141)
	at scala.meta.internal.metals.BuildServerConnection$.initialize(BuildServerConnection.scala:806)
	at scala.meta.internal.metals.BuildServerConnection$.$anonfun$fromSockets$1(BuildServerConnection.scala:658)
	at scala.concurrent.impl.Promise$Transformation.run(Promise.scala:500)
	at java.util.concurrent.ThreadPoolExecutor.runWorker(ThreadPoolExecutor.java:1095)
	at java.util.concurrent.ThreadPoolExecutor$Worker.run(ThreadPoolExecutor.java:619)
	at java.lang.Thread.run(Thread.java:1447)

2026.07.13 17:47:24 WARN  no build tool detected in workspace 'C:\Users\Om Panchal\OneDrive\Pictures\ドキュメント\GitHub\75_DSA_Problems_solved'. The most common cause for this problem is that the editor was opened in the wrong working directory, for example if you use sbt then the workspace directory should contain build.sbt. 
2026.07.13 17:47:24 WARN  Build server is not auto-connectable.
2026.07.13 17:47:24 WARN  no build target for: C:\Users\Om Panchal\OneDrive\Pictures\ドキュメント\GitHub\75_DSA_Problems_solved\1.scala
2026.07.13 17:47:24 INFO  no build target found for C:\Users\Om Panchal\OneDrive\Pictures\ドキュメント\GitHub\75_DSA_Problems_solved\1.scala. Using presentation compiler with project's scala-library version: 3.3.7
2026.07.13 17:52:12 INFO  no build target found for C:\Users\Om Panchal\OneDrive\Pictures\ドキュメント\GitHub\75_DSA_Problems_solved\1.scala. Using presentation compiler with project's scala-library version: 3.3.7
2026.07.13 17:52:16 INFO  no build target found for C:\Users\Om Panchal\OneDrive\Pictures\ドキュメント\GitHub\75_DSA_Problems_solved\1.scala. Using presentation compiler with project's scala-library version: 3.3.7
2026.07.13 17:53:48 INFO  no build target found for C:\Users\Om Panchal\OneDrive\Pictures\ドキュメント\GitHub\75_DSA_Problems_solved\1.scala. Using presentation compiler with project's scala-library version: 3.3.7
2026.07.13 17:53:52 INFO  Shutting down server
2026.07.13 17:53:52 INFO  Memory monitor stopped
2026.07.13 17:53:52 INFO  shutting down Metals
2026.07.17 10:45:26 INFO  Started: Metals version 1.6.7 in folders 'C:\Users\Om Panchal\OneDrive\Pictures\ドキュメント\GitHub\75_DSA_Problems_solved' for client Visual Studio Code 1.127.0.
2026.07.17 10:45:26 INFO  Memory monitor started
2026.07.17 10:45:27 WARN  Using H2 2.4.240 which is newer than the version Flyway has been verified with. The latest verified version of H2 is 2.3.232.
2026.07.17 10:45:31 INFO  Running List(C:\Program Files\scala-cli-x86_64-pc-win32\scala-cli.EXE, setup-ide, C:\Users\Om Panchal\OneDrive\Pictures\ドキュメント\GitHub\75_DSA_Problems_solved)
2026.07.17 10:45:32 INFO  Scala CLI: Error: java.nio.file.InvalidPathException: Illegal char <?> at index 38: C:\Users\Om Panchal\OneDrive\Pictures\??????\GitHub\75_DSA_Problems_solved
2026.07.17 10:45:32 INFO  Scala CLI: For more details, please see 'C:\Users\Om Panchal\OneDrive\Pictures\ドキュメント\GitHub\75_DSA_Problems_solved\.scala-build\stacktraces\1784265332-4378381783051282173.log'
2026.07.17 10:45:32 WARN  no build tool detected in workspace 'C:\Users\Om Panchal\OneDrive\Pictures\ドキュメント\GitHub\75_DSA_Problems_solved'. The most common cause for this problem is that the editor was opened in the wrong working directory, for example if you use sbt then the workspace directory should contain build.sbt. 
2026.07.17 10:45:31 WARN  Build server is not auto-connectable.
2026.07.17 10:45:32 WARN  no build target for: C:\Users\Om Panchal\OneDrive\Pictures\ドキュメント\GitHub\75_DSA_Problems_solved\1.scala
2026.07.17 10:45:32 INFO  no build target found for C:\Users\Om Panchal\OneDrive\Pictures\ドキュメント\GitHub\75_DSA_Problems_solved\1.scala. Using presentation compiler with project's scala-library version: 3.3.7
2026.07.17 10:45:59 INFO  no build target found for C:\Users\Om Panchal\OneDrive\Pictures\ドキュメント\GitHub\75_DSA_Problems_solved\1.scala. Using presentation compiler with project's scala-library version: 3.3.7
2026.07.18 10:23:25 INFO  Started: Metals version 1.6.7 in folders 'C:\Users\Om Panchal\OneDrive\Pictures\ドキュメント\GitHub\75_DSA_Problems_solved' for client Visual Studio Code 1.127.0.
2026.07.18 10:23:25 INFO  time: initialize in 0.12s
2026.07.18 10:23:25 INFO  Memory monitor started
2026.07.18 10:23:41 WARN  Using H2 2.4.240 which is newer than the version Flyway has been verified with. The latest verified version of H2 is 2.3.232.
2026.07.18 10:24:06 INFO  Running List(C:\Program Files\scala-cli-x86_64-pc-win32\scala-cli.EXE, setup-ide, C:\Users\Om Panchal\OneDrive\Pictures\ドキュメント\GitHub\75_DSA_Problems_solved)
2026.07.18 10:24:06 INFO  Scala CLI: Error: java.nio.file.InvalidPathException: Illegal char <?> at index 38: C:\Users\Om Panchal\OneDrive\Pictures\??????\GitHub\75_DSA_Problems_solved
2026.07.18 10:24:06 INFO  Scala CLI: For more details, please see 'C:\Users\Om Panchal\OneDrive\Pictures\ドキュメント\GitHub\75_DSA_Problems_solved\.scala-build\stacktraces\1784350446-4635884633285329016.log'
2026.07.18 10:24:07 WARN  no build tool detected in workspace 'C:\Users\Om Panchal\OneDrive\Pictures\ドキュメント\GitHub\75_DSA_Problems_solved'. The most common cause for this problem is that the editor was opened in the wrong working directory, for example if you use sbt then the workspace directory should contain build.sbt. 
2026.07.18 10:24:08 WARN  Build server is not auto-connectable.
2026.07.18 10:35:33 INFO  Shutting down server
2026.07.18 10:35:33 INFO  Memory monitor stopped
2026.07.18 10:35:33 INFO  shutting down Metals
2026.07.18 10:35:33 INFO  Exiting server
2026.07.18 14:46:44 INFO  Started: Metals version 1.6.7 in folders 'C:\Users\Om Panchal\OneDrive\Pictures\ドキュメント\GitHub\75_DSA_Problems_solved' for client Visual Studio Code 1.127.0.
2026.07.18 14:46:44 INFO  Memory monitor started
2026.07.18 14:46:48 WARN  Using H2 2.4.240 which is newer than the version Flyway has been verified with. The latest verified version of H2 is 2.3.232.
2026.07.18 14:46:53 INFO  Running List(C:\Program Files\scala-cli-x86_64-pc-win32\scala-cli.EXE, setup-ide, C:\Users\Om Panchal\OneDrive\Pictures\ドキュメント\GitHub\75_DSA_Problems_solved)
2026.07.18 14:46:53 INFO  Scala CLI: Error: java.nio.file.InvalidPathException: Illegal char <?> at index 38: C:\Users\Om Panchal\OneDrive\Pictures\??????\GitHub\75_DSA_Problems_solved
2026.07.18 14:46:53 INFO  Scala CLI: For more details, please see 'C:\Users\Om Panchal\OneDrive\Pictures\ドキュメント\GitHub\75_DSA_Problems_solved\.scala-build\stacktraces\1784366213-5056127474098734570.log'
2026.07.18 14:46:53 WARN  no build tool detected in workspace 'C:\Users\Om Panchal\OneDrive\Pictures\ドキュメント\GitHub\75_DSA_Problems_solved'. The most common cause for this problem is that the editor was opened in the wrong working directory, for example if you use sbt then the workspace directory should contain build.sbt. 
2026.07.18 14:46:53 WARN  Build server is not auto-connectable.
2026.07.19 14:02:57 INFO  Started: Metals version 1.6.7 in folders 'C:\Users\Om Panchal\OneDrive\Pictures\ドキュメント\GitHub\75_DSA_Problems_solved' for client Visual Studio Code 1.127.0.
2026.07.19 14:02:57 INFO  Memory monitor started
2026.07.19 14:03:03 WARN  Using H2 2.4.240 which is newer than the version Flyway has been verified with. The latest verified version of H2 is 2.3.232.
2026.07.19 14:03:06 INFO  Running List(C:\Program Files\scala-cli-x86_64-pc-win32\scala-cli.EXE, setup-ide, C:\Users\Om Panchal\OneDrive\Pictures\ドキュメント\GitHub\75_DSA_Problems_solved)
2026.07.19 14:03:07 INFO  Scala CLI: Error: java.nio.file.InvalidPathException: Illegal char <?> at index 38: C:\Users\Om Panchal\OneDrive\Pictures\??????\GitHub\75_DSA_Problems_solved
2026.07.19 14:03:07 INFO  Scala CLI: For more details, please see 'C:\Users\Om Panchal\OneDrive\Pictures\ドキュメント\GitHub\75_DSA_Problems_solved\.scala-build\stacktraces\1784449987-4738036649909403202.log'
2026.07.19 14:03:07 WARN  no build tool detected in workspace 'C:\Users\Om Panchal\OneDrive\Pictures\ドキュメント\GitHub\75_DSA_Problems_solved'. The most common cause for this problem is that the editor was opened in the wrong working directory, for example if you use sbt then the workspace directory should contain build.sbt. 
2026.07.19 14:03:06 WARN  Build server is not auto-connectable.
2026.07.19 22:47:23 INFO  Shutting down server
2026.07.19 22:47:23 INFO  Memory monitor stopped
2026.07.19 22:47:23 INFO  shutting down Metals
2026.07.19 22:47:23 INFO  Exiting server
2026.07.20 18:40:54 INFO  Started: Metals version 1.6.7 in folders 'C:\Users\Om Panchal\OneDrive\Pictures\ドキュメント\GitHub\75_DSA_Problems_solved' for client Visual Studio Code 1.129.1.
2026.07.20 18:40:54 INFO  Memory monitor started
2026.07.20 18:40:58 WARN  Using H2 2.4.240 which is newer than the version Flyway has been verified with. The latest verified version of H2 is 2.3.232.
2026.07.20 18:41:04 INFO  Running List(C:\Program Files\scala-cli-x86_64-pc-win32\scala-cli.EXE, setup-ide, C:\Users\Om Panchal\OneDrive\Pictures\ドキュメント\GitHub\75_DSA_Problems_solved)
2026.07.20 18:41:05 INFO  Scala CLI: Error: java.nio.file.InvalidPathException: Illegal char <?> at index 38: C:\Users\Om Panchal\OneDrive\Pictures\??????\GitHub\75_DSA_Problems_solved
2026.07.20 18:41:05 INFO  Scala CLI: For more details, please see 'C:\Users\Om Panchal\OneDrive\Pictures\ドキュメント\GitHub\75_DSA_Problems_solved\.scala-build\stacktraces\1784553065-1913718736504283176.log'
2026.07.20 18:41:05 WARN  no build tool detected in workspace 'C:\Users\Om Panchal\OneDrive\Pictures\ドキュメント\GitHub\75_DSA_Problems_solved'. The most common cause for this problem is that the editor was opened in the wrong working directory, for example if you use sbt then the workspace directory should contain build.sbt. 
2026.07.20 18:41:06 WARN  Build server is not auto-connectable.
2026.07.22 18:38:26 INFO  Started: Metals version 1.6.7 in folders 'C:\Users\Om Panchal\OneDrive\Pictures\ドキュメント\GitHub\75_DSA_Problems_solved' for client Visual Studio Code 1.129.1.
2026.07.22 18:38:26 INFO  time: initialize in 0.21s
2026.07.22 18:38:26 INFO  Memory monitor started
2026.07.22 18:38:36 WARN  Using H2 2.4.240 which is newer than the version Flyway has been verified with. The latest verified version of H2 is 2.3.232.
2026.07.22 18:38:40 INFO  Running List(C:\Program Files\scala-cli-x86_64-pc-win32\scala-cli.EXE, setup-ide, C:\Users\Om Panchal\OneDrive\Pictures\ドキュメント\GitHub\75_DSA_Problems_solved)
2026.07.22 18:38:40 INFO  Scala CLI: Error: java.nio.file.InvalidPathException: Illegal char <?> at index 38: C:\Users\Om Panchal\OneDrive\Pictures\??????\GitHub\75_DSA_Problems_solved
2026.07.22 18:38:40 INFO  Scala CLI: For more details, please see 'C:\Users\Om Panchal\OneDrive\Pictures\ドキュメント\GitHub\75_DSA_Problems_solved\.scala-build\stacktraces\1784725720-8939426813829818126.log'
2026.07.22 18:38:41 WARN  no build tool detected in workspace 'C:\Users\Om Panchal\OneDrive\Pictures\ドキュメント\GitHub\75_DSA_Problems_solved'. The most common cause for this problem is that the editor was opened in the wrong working directory, for example if you use sbt then the workspace directory should contain build.sbt. 
2026.07.22 18:38:41 WARN  Build server is not auto-connectable.
2026.07.23 18:49:00 INFO  Started: Metals version 1.6.7 in folders 'C:\Users\Om Panchal\OneDrive\Pictures\ドキュメント\GitHub\75_DSA_Problems_solved' for client Visual Studio Code 1.129.1.
2026.07.23 18:49:00 INFO  time: initialize in 0.11s
2026.07.23 18:49:00 INFO  Memory monitor started
2026.07.23 18:49:11 WARN  Using H2 2.4.240 which is newer than the version Flyway has been verified with. The latest verified version of H2 is 2.3.232.
2026.07.23 18:49:41 INFO  Running List(C:\Program Files\scala-cli-x86_64-pc-win32\scala-cli.EXE, setup-ide, C:\Users\Om Panchal\OneDrive\Pictures\ドキュメント\GitHub\75_DSA_Problems_solved)
2026.07.23 18:49:41 INFO  Scala CLI: Error: java.nio.file.InvalidPathException: Illegal char <?> at index 38: C:\Users\Om Panchal\OneDrive\Pictures\??????\GitHub\75_DSA_Problems_solved
2026.07.23 18:49:41 INFO  Scala CLI: For more details, please see 'C:\Users\Om Panchal\OneDrive\Pictures\ドキュメント\GitHub\75_DSA_Problems_solved\.scala-build\stacktraces\1784812781-5070595137046632016.log'
2026.07.23 18:49:43 WARN  no build tool detected in workspace 'C:\Users\Om Panchal\OneDrive\Pictures\ドキュメント\GitHub\75_DSA_Problems_solved'. The most common cause for this problem is that the editor was opened in the wrong working directory, for example if you use sbt then the workspace directory should contain build.sbt. 
2026.07.23 18:49:44 WARN  Build server is not auto-connectable.
Jul 23, 2026 6:52:14 PM org.eclipse.lsp4j.jsonrpc.services.GenericEndpoint notify
INFO: Unsupported notification method: $/setTrace
Jul 23, 2026 6:52:38 PM org.eclipse.lsp4j.jsonrpc.services.GenericEndpoint notify
INFO: Unsupported notification method: $/setTrace
2026.07.23 20:02:15 INFO  Shutting down server
2026.07.23 20:02:15 INFO  Memory monitor stopped
2026.07.23 20:02:15 INFO  shutting down Metals
2026.07.23 20:02:15 INFO  Exiting server
2026.07.26 21:00:16 INFO  Started: Metals version 1.6.8 in folders 'C:\Users\Om Panchal\OneDrive\Pictures\ドキュメント\GitHub\75_DSA_Problems_solved' for client Visual Studio Code 1.130.0.
2026.07.26 21:00:16 INFO  Memory monitor started
2026.07.26 21:00:18 WARN  Using H2 2.4.240 which is newer than the version Flyway has been verified with. The latest verified version of H2 is 2.3.232.
2026.07.26 21:00:20 INFO  Running List(C:\Program Files\scala-cli-x86_64-pc-win32\scala-cli.EXE, setup-ide, C:\Users\Om Panchal\OneDrive\Pictures\ドキュメント\GitHub\75_DSA_Problems_solved)
2026.07.26 21:00:21 INFO  Scala CLI: Error: java.nio.file.InvalidPathException: Illegal char <?> at index 38: C:\Users\Om Panchal\OneDrive\Pictures\??????\GitHub\75_DSA_Problems_solved
2026.07.26 21:00:21 INFO  Scala CLI: For more details, please see 'C:\Users\Om Panchal\OneDrive\Pictures\ドキュメント\GitHub\75_DSA_Problems_solved\.scala-build\stacktraces\1785079821-17134525351853209300.log'
2026.07.26 21:00:21 WARN  no build tool detected in workspace 'C:\Users\Om Panchal\OneDrive\Pictures\ドキュメント\GitHub\75_DSA_Problems_solved'. The most common cause for this problem is that the editor was opened in the wrong working directory, for example if you use sbt then the workspace directory should contain build.sbt. 
2026.07.26 21:00:20 WARN  Build server is not auto-connectable.
2026.07.26 22:11:49 INFO  Shutting down server
2026.07.26 22:11:49 INFO  Memory monitor stopped
2026.07.26 22:11:49 INFO  shutting down Metals
2026.07.26 22:11:49 INFO  Exiting server
2026.07.27 22:58:20 INFO  Started: Metals version 1.6.8 in folders 'C:\Users\Om Panchal\OneDrive\Pictures\ドキュメント\GitHub\75_DSA_Problems_solved' for client Visual Studio Code 1.130.0.
2026.07.27 22:58:20 INFO  Memory monitor started
2026.07.27 22:58:23 WARN  Using H2 2.4.240 which is newer than the version Flyway has been verified with. The latest verified version of H2 is 2.3.232.
2026.07.27 22:58:26 INFO  Running List(C:\Program Files\scala-cli-x86_64-pc-win32\scala-cli.EXE, setup-ide, C:\Users\Om Panchal\OneDrive\Pictures\ドキュメント\GitHub\75_DSA_Problems_solved)
2026.07.27 22:58:26 INFO  Scala CLI: Error: java.nio.file.InvalidPathException: Illegal char <?> at index 38: C:\Users\Om Panchal\OneDrive\Pictures\??????\GitHub\75_DSA_Problems_solved
2026.07.27 22:58:26 INFO  Scala CLI: For more details, please see 'C:\Users\Om Panchal\OneDrive\Pictures\ドキュメント\GitHub\75_DSA_Problems_solved\.scala-build\stacktraces\1785173306-6978905046428759971.log'
2026.07.27 22:58:27 WARN  no build tool detected in workspace 'C:\Users\Om Panchal\OneDrive\Pictures\ドキュメント\GitHub\75_DSA_Problems_solved'. The most common cause for this problem is that the editor was opened in the wrong working directory, for example if you use sbt then the workspace directory should contain build.sbt. 
2026.07.27 22:58:27 WARN  Build server is not auto-connectable.
2026.08.01 19:36:00 INFO  Started: Metals version 1.6.8 in folders 'C:\Users\Om Panchal\OneDrive\Pictures\ドキュメント\GitHub\75_DSA_Problems_solved' for client Visual Studio Code 1.130.0.
2026.08.01 19:36:00 INFO  Memory monitor started
Aug 01, 2026 7:36:11 PM org.eclipse.lsp4j.jsonrpc.services.GenericEndpoint notify
INFO: Unsupported notification method: $/setTrace
2026.08.01 19:36:12 WARN  Using H2 2.4.240 which is newer than the version Flyway has been verified with. The latest verified version of H2 is 2.3.232.
2026.08.01 19:36:16 INFO  Running List(C:\Program Files\scala-cli-x86_64-pc-win32\scala-cli.EXE, setup-ide, C:\Users\Om Panchal\OneDrive\Pictures\ドキュメント\GitHub\75_DSA_Problems_solved)
2026.08.01 19:36:16 INFO  Scala CLI: Error: java.nio.file.InvalidPathException: Illegal char <?> at index 38: C:\Users\Om Panchal\OneDrive\Pictures\??????\GitHub\75_DSA_Problems_solved
2026.08.01 19:36:16 INFO  Scala CLI: For more details, please see 'C:\Users\Om Panchal\OneDrive\Pictures\ドキュメント\GitHub\75_DSA_Problems_solved\.scala-build\stacktraces\1785593176-5403138544975984556.log'
2026.08.01 19:36:16 WARN  no build tool detected in workspace 'C:\Users\Om Panchal\OneDrive\Pictures\ドキュメント\GitHub\75_DSA_Problems_solved'. The most common cause for this problem is that the editor was opened in the wrong working directory, for example if you use sbt then the workspace directory should contain build.sbt. 
2026.08.01 19:36:16 WARN  Build server is not auto-connectable.
Aug 01, 2026 7:39:21 PM org.eclipse.lsp4j.jsonrpc.services.GenericEndpoint notify
INFO: Unsupported notification method: $/setTrace
2026.08.07 11:07:00 INFO  Started: Metals version 1.6.8 in folders 'C:\Users\Om Panchal\OneDrive\Pictures\ドキュメント\GitHub\75_DSA_Problems_solved' for client Visual Studio Code 1.130.0.
2026.08.07 11:07:01 INFO  time: initialize in 0.27s
2026.08.07 11:07:00 INFO  Memory monitor started
2026.08.07 11:07:15 WARN  Using H2 2.4.240 which is newer than the version Flyway has been verified with. The latest verified version of H2 is 2.3.232.
2026.08.07 11:07:21 INFO  Running List(C:\Program Files\scala-cli-x86_64-pc-win32\scala-cli.EXE, setup-ide, C:\Users\Om Panchal\OneDrive\Pictures\ドキュメント\GitHub\75_DSA_Problems_solved)
2026.08.07 11:07:21 INFO  Scala CLI: Error: java.nio.file.InvalidPathException: Illegal char <?> at index 38: C:\Users\Om Panchal\OneDrive\Pictures\??????\GitHub\75_DSA_Problems_solved
2026.08.07 11:07:21 INFO  Scala CLI: For more details, please see 'C:\Users\Om Panchal\OneDrive\Pictures\ドキュメント\GitHub\75_DSA_Problems_solved\.scala-build\stacktraces\1786081041-12034567826302427373.log'
2026.08.07 11:07:22 WARN  no build tool detected in workspace 'C:\Users\Om Panchal\OneDrive\Pictures\ドキュメント\GitHub\75_DSA_Problems_solved'. The most common cause for this problem is that the editor was opened in the wrong working directory, for example if you use sbt then the workspace directory should contain build.sbt. 
2026.08.07 11:07:22 WARN  Build server is not auto-connectable.
Aug 07, 2026 11:22:25 AM org.eclipse.lsp4j.jsonrpc.services.GenericEndpoint notify
INFO: Unsupported notification method: $/setTrace
2026.08.07 11:30:57 INFO  Shutting down server
2026.08.07 11:30:57 INFO  Memory monitor stopped
2026.08.07 11:30:57 INFO  shutting down Metals
2026.08.07 11:30:57 INFO  Exiting server
2026.08.07 17:06:17 INFO  Started: Metals version 1.6.8 in folders 'C:\Users\Om Panchal\OneDrive\Pictures\ドキュメント\GitHub\75_DSA_Problems_solved' for client Visual Studio Code 1.132.0.
2026.08.07 17:06:17 INFO  Memory monitor started
2026.08.07 17:06:19 WARN  Using H2 2.4.240 which is newer than the version Flyway has been verified with. The latest verified version of H2 is 2.3.232.
2026.08.07 17:06:23 INFO  Running List(C:\Program Files\scala-cli-x86_64-pc-win32\scala-cli.EXE, setup-ide, C:\Users\Om Panchal\OneDrive\Pictures\ドキュメント\GitHub\75_DSA_Problems_solved)
2026.08.07 17:06:23 INFO  Scala CLI: Error: java.nio.file.InvalidPathException: Illegal char <?> at index 38: C:\Users\Om Panchal\OneDrive\Pictures\??????\GitHub\75_DSA_Problems_solved
2026.08.07 17:06:23 INFO  Scala CLI: For more details, please see 'C:\Users\Om Panchal\OneDrive\Pictures\ドキュメント\GitHub\75_DSA_Problems_solved\.scala-build\stacktraces\1786102583-4301272302440790470.log'
2026.08.07 17:06:23 WARN  no build tool detected in workspace 'C:\Users\Om Panchal\OneDrive\Pictures\ドキュメント\GitHub\75_DSA_Problems_solved'. The most common cause for this problem is that the editor was opened in the wrong working directory, for example if you use sbt then the workspace directory should contain build.sbt. 
2026.08.07 17:06:23 WARN  Build server is not auto-connectable.
2026.08.07 17:07:02 INFO  Shutting down server
2026.08.07 17:07:02 INFO  Memory monitor stopped
2026.08.07 17:07:02 INFO  shutting down Metals
2026.08.07 17:07:02 INFO  Exiting server
2026.08.16 21:51:04 INFO  Started: Metals version 1.6.8 in folders 'C:\Users\Om Panchal\OneDrive\Pictures\ドキュメント\GitHub\75_DSA_Problems_solved' for client Visual Studio Code 1.133.0.
2026.08.16 21:51:05 INFO  time: initialize in 0.3s
2026.08.16 21:51:05 INFO  Memory monitor started
2026.08.16 21:51:16 WARN  Using H2 2.4.240 which is newer than the version Flyway has been verified with. The latest verified version of H2 is 2.3.232.
2026.08.16 21:51:22 INFO  Running List(C:\Program Files\scala-cli-x86_64-pc-win32\scala-cli.EXE, setup-ide, C:\Users\Om Panchal\OneDrive\Pictures\ドキュメント\GitHub\75_DSA_Problems_solved)
2026.08.16 21:51:22 INFO  Scala CLI: Error: java.nio.file.InvalidPathException: Illegal char <?> at index 38: C:\Users\Om Panchal\OneDrive\Pictures\??????\GitHub\75_DSA_Problems_solved
2026.08.16 21:51:22 INFO  Scala CLI: For more details, please see 'C:\Users\Om Panchal\OneDrive\Pictures\ドキュメント\GitHub\75_DSA_Problems_solved\.scala-build\stacktraces\1786897282-1523695124614354196.log'
2026.08.16 21:51:24 WARN  no build tool detected in workspace 'C:\Users\Om Panchal\OneDrive\Pictures\ドキュメント\GitHub\75_DSA_Problems_solved'. The most common cause for this problem is that the editor was opened in the wrong working directory, for example if you use sbt then the workspace directory should contain build.sbt. 
2026.08.16 21:51:25 WARN  Build server is not auto-connectable.
2026.08.16 22:26:18 INFO  Shutting down server
2026.08.16 22:26:18 INFO  Memory monitor stopped
2026.08.16 22:26:18 INFO  shutting down Metals
2026.08.16 22:26:18 INFO  Exiting server
2026.08.18 17:43:40 INFO  Started: Metals version 1.6.8 in folders 'C:\Users\Om Panchal\OneDrive\Pictures\ドキュメント\GitHub\75_DSA_Problems_solved' for client Visual Studio Code 1.133.0.
2026.08.18 17:43:42 INFO  Memory monitor started
2026.08.18 17:43:46 WARN  Using H2 2.4.240 which is newer than the version Flyway has been verified with. The latest verified version of H2 is 2.3.232.
2026.08.18 17:44:11 INFO  Running List(C:\Program Files\scala-cli-x86_64-pc-win32\scala-cli.EXE, setup-ide, C:\Users\Om Panchal\OneDrive\Pictures\ドキュメント\GitHub\75_DSA_Problems_solved)
2026.08.18 17:44:11 INFO  Scala CLI: Error: java.nio.file.InvalidPathException: Illegal char <?> at index 38: C:\Users\Om Panchal\OneDrive\Pictures\??????\GitHub\75_DSA_Problems_solved
2026.08.18 17:44:11 INFO  Scala CLI: For more details, please see 'C:\Users\Om Panchal\OneDrive\Pictures\ドキュメント\GitHub\75_DSA_Problems_solved\.scala-build\stacktraces\1787055251-9220268037730196956.log'
2026.08.18 17:44:12 WARN  no build tool detected in workspace 'C:\Users\Om Panchal\OneDrive\Pictures\ドキュメント\GitHub\75_DSA_Problems_solved'. The most common cause for this problem is that the editor was opened in the wrong working directory, for example if you use sbt then the workspace directory should contain build.sbt. 
2026.08.18 17:44:12 WARN  Build server is not auto-connectable.
2026.08.18 18:02:10 INFO  Shutting down server
2026.08.18 18:02:10 INFO  Memory monitor stopped
2026.08.18 18:02:10 INFO  shutting down Metals
2026.08.18 18:02:10 INFO  Exiting server
2026.08.19 21:25:50 INFO  Started: Metals version 1.6.8 in folders 'C:\Users\Om Panchal\OneDrive\Pictures\ドキュメント\GitHub\75_DSA_Problems_solved' for client Visual Studio Code 1.133.0.
2026.08.19 21:25:50 INFO  time: initialize in 0.59s
2026.08.19 21:25:51 INFO  Memory monitor started
2026.08.19 21:26:00 WARN  Using H2 2.4.240 which is newer than the version Flyway has been verified with. The latest verified version of H2 is 2.3.232.
2026.08.19 21:26:05 INFO  Running List(C:\Program Files\scala-cli-x86_64-pc-win32\scala-cli.EXE, setup-ide, C:\Users\Om Panchal\OneDrive\Pictures\ドキュメント\GitHub\75_DSA_Problems_solved)
2026.08.19 21:26:07 INFO  Scala CLI: Error: java.nio.file.InvalidPathException: Illegal char <?> at index 38: C:\Users\Om Panchal\OneDrive\Pictures\??????\GitHub\75_DSA_Problems_solved
2026.08.19 21:26:07 INFO  Scala CLI: For more details, please see 'C:\Users\Om Panchal\OneDrive\Pictures\ドキュメント\GitHub\75_DSA_Problems_solved\.scala-build\stacktraces\1787154967-7169344377472611879.log'
2026.08.19 21:26:09 WARN  no build tool detected in workspace 'C:\Users\Om Panchal\OneDrive\Pictures\ドキュメント\GitHub\75_DSA_Problems_solved'. The most common cause for this problem is that the editor was opened in the wrong working directory, for example if you use sbt then the workspace directory should contain build.sbt. 
2026.08.19 21:26:09 WARN  Build server is not auto-connectable.
2026.08.20 14:12:35 INFO  Started: Metals version 1.6.8 in folders 'C:\Users\Om Panchal\OneDrive\Pictures\ドキュメント\GitHub\75_DSA_Problems_solved' for client Visual Studio Code 1.133.0.
2026.08.20 14:12:35 INFO  Memory monitor started
2026.08.20 14:12:41 WARN  Using H2 2.4.240 which is newer than the version Flyway has been verified with. The latest verified version of H2 is 2.3.232.
2026.08.20 14:12:43 INFO  Running List(C:\Program Files\scala-cli-x86_64-pc-win32\scala-cli.EXE, setup-ide, C:\Users\Om Panchal\OneDrive\Pictures\ドキュメント\GitHub\75_DSA_Problems_solved)
2026.08.20 14:12:43 INFO  Scala CLI: Error: java.nio.file.InvalidPathException: Illegal char <?> at index 38: C:\Users\Om Panchal\OneDrive\Pictures\??????\GitHub\75_DSA_Problems_solved
2026.08.20 14:12:43 INFO  Scala CLI: For more details, please see 'C:\Users\Om Panchal\OneDrive\Pictures\ドキュメント\GitHub\75_DSA_Problems_solved\.scala-build\stacktraces\1787215363-14295184911433715366.log'
2026.08.20 14:12:44 WARN  no build tool detected in workspace 'C:\Users\Om Panchal\OneDrive\Pictures\ドキュメント\GitHub\75_DSA_Problems_solved'. The most common cause for this problem is that the editor was opened in the wrong working directory, for example if you use sbt then the workspace directory should contain build.sbt. 
2026.08.20 14:12:43 WARN  Build server is not auto-connectable.
2026.08.20 22:11:25 INFO  Shutting down server
2026.08.20 22:11:25 INFO  Memory monitor stopped
2026.08.20 22:11:25 INFO  shutting down Metals
2026.08.20 22:11:25 INFO  Exiting server
2026.08.22 02:07:10 INFO  Started: Metals version 1.6.8 in folders 'C:\Users\Om Panchal\OneDrive\Pictures\ドキュメント\GitHub\75_DSA_Problems_solved' for client Visual Studio Code 1.134.0.
2026.08.22 02:07:10 INFO  Memory monitor started
2026.08.22 02:07:19 WARN  Using H2 2.4.240 which is newer than the version Flyway has been verified with. The latest verified version of H2 is 2.3.232.
2026.08.22 02:07:39 INFO  Running List(C:\Program Files\scala-cli-x86_64-pc-win32\scala-cli.EXE, setup-ide, C:\Users\Om Panchal\OneDrive\Pictures\ドキュメント\GitHub\75_DSA_Problems_solved)
2026.08.22 02:07:39 INFO  Scala CLI: Error: java.nio.file.InvalidPathException: Illegal char <?> at index 38: C:\Users\Om Panchal\OneDrive\Pictures\??????\GitHub\75_DSA_Problems_solved
2026.08.22 02:07:39 INFO  Scala CLI: For more details, please see 'C:\Users\Om Panchal\OneDrive\Pictures\ドキュメント\GitHub\75_DSA_Problems_solved\.scala-build\stacktraces\1787344659-7497903370785489829.log'
2026.08.22 02:07:41 WARN  no build tool detected in workspace 'C:\Users\Om Panchal\OneDrive\Pictures\ドキュメント\GitHub\75_DSA_Problems_solved'. The most common cause for this problem is that the editor was opened in the wrong working directory, for example if you use sbt then the workspace directory should contain build.sbt. 
2026.08.22 02:07:42 WARN  Build server is not auto-connectable.
Aug 22, 2026 2:08:54 AM org.eclipse.lsp4j.jsonrpc.services.GenericEndpoint notify
INFO: Unsupported notification method: $/setTrace
2026.08.24 22:33:03 INFO  Started: Metals version 1.6.8 in folders 'C:\Users\Om Panchal\OneDrive\Pictures\ドキュメント\GitHub\75_DSA_Problems_solved' for client Visual Studio Code 1.134.0.
2026.08.24 22:33:03 INFO  Memory monitor started
2026.08.24 22:33:08 WARN  Using H2 2.4.240 which is newer than the version Flyway has been verified with. The latest verified version of H2 is 2.3.232.
2026.08.24 22:33:15 INFO  Running List(C:\Program Files\scala-cli-x86_64-pc-win32\scala-cli.EXE, setup-ide, C:\Users\Om Panchal\OneDrive\Pictures\ドキュメント\GitHub\75_DSA_Problems_solved)
2026.08.24 22:33:15 INFO  Scala CLI: Error: java.nio.file.InvalidPathException: Illegal char <?> at index 38: C:\Users\Om Panchal\OneDrive\Pictures\??????\GitHub\75_DSA_Problems_solved
2026.08.24 22:33:15 INFO  Scala CLI: For more details, please see 'C:\Users\Om Panchal\OneDrive\Pictures\ドキュメント\GitHub\75_DSA_Problems_solved\.scala-build\stacktraces\1787590995-3214336599815784685.log'
2026.08.24 22:33:15 WARN  no build tool detected in workspace 'C:\Users\Om Panchal\OneDrive\Pictures\ドキュメント\GitHub\75_DSA_Problems_solved'. The most common cause for this problem is that the editor was opened in the wrong working directory, for example if you use sbt then the workspace directory should contain build.sbt. 
2026.08.24 22:33:15 WARN  Build server is not auto-connectable.
2026.08.26 23:05:29 INFO  Shutting down server
2026.08.26 23:05:29 INFO  Memory monitor stopped
2026.08.26 23:05:29 INFO  shutting down Metals
2026.08.26 23:05:29 INFO  Exiting server
2026.08.28 21:12:55 INFO  Started: Metals version 1.6.8 in folders 'C:\Users\Om Panchal\OneDrive\Pictures\ドキュメント\GitHub\75_DSA_Problems_solved' for client Visual Studio Code 1.135.0.
2026.08.28 21:12:55 INFO  time: initialize in 0.12s
2026.08.28 21:12:55 INFO  Memory monitor started
2026.08.28 21:13:00 WARN  Using H2 2.4.240 which is newer than the version Flyway has been verified with. The latest verified version of H2 is 2.3.232.
2026.08.28 21:13:12 INFO  Running List(C:\Program Files\scala-cli-x86_64-pc-win32\scala-cli.EXE, setup-ide, C:\Users\Om Panchal\OneDrive\Pictures\ドキュメント\GitHub\75_DSA_Problems_solved)
2026.08.28 21:13:12 INFO  Scala CLI: Error: java.nio.file.InvalidPathException: Illegal char <?> at index 38: C:\Users\Om Panchal\OneDrive\Pictures\??????\GitHub\75_DSA_Problems_solved
2026.08.28 21:13:12 INFO  Scala CLI: For more details, please see 'C:\Users\Om Panchal\OneDrive\Pictures\ドキュメント\GitHub\75_DSA_Problems_solved\.scala-build\stacktraces\1787931792-9240645165226064789.log'
2026.08.28 21:13:14 WARN  no build tool detected in workspace 'C:\Users\Om Panchal\OneDrive\Pictures\ドキュメント\GitHub\75_DSA_Problems_solved'. The most common cause for this problem is that the editor was opened in the wrong working directory, for example if you use sbt then the workspace directory should contain build.sbt. 
2026.08.28 21:13:15 WARN  Build server is not auto-connectable.
2026.08.28 22:42:32 INFO  Shutting down server
2026.08.28 22:42:32 INFO  Memory monitor stopped
2026.08.28 22:42:32 INFO  shutting down Metals
2026.08.28 22:42:32 INFO  Exiting server
2026.08.29 17:31:20 INFO  Started: Metals version 1.6.8 in folders 'C:\Users\Om Panchal\OneDrive\Pictures\ドキュメント\GitHub\75_DSA_Problems_solved' for client Visual Studio Code 1.135.0.
2026.08.29 17:31:20 INFO  time: initialize in 0.11s
2026.08.29 17:31:22 INFO  Memory monitor started
2026.08.29 17:31:32 WARN  Using H2 2.4.240 which is newer than the version Flyway has been verified with. The latest verified version of H2 is 2.3.232.
2026.08.29 17:31:46 INFO  Running List(C:\Program Files\scala-cli-x86_64-pc-win32\scala-cli.EXE, setup-ide, C:\Users\Om Panchal\OneDrive\Pictures\ドキュメント\GitHub\75_DSA_Problems_solved)
2026.08.29 17:31:47 INFO  Scala CLI: Error: java.nio.file.InvalidPathException: Illegal char <?> at index 38: C:\Users\Om Panchal\OneDrive\Pictures\??????\GitHub\75_DSA_Problems_solved
2026.08.29 17:31:47 INFO  Scala CLI: For more details, please see 'C:\Users\Om Panchal\OneDrive\Pictures\ドキュメント\GitHub\75_DSA_Problems_solved\.scala-build\stacktraces\1788004907-8593088663274548682.log'
2026.08.29 17:31:47 WARN  no build tool detected in workspace 'C:\Users\Om Panchal\OneDrive\Pictures\ドキュメント\GitHub\75_DSA_Problems_solved'. The most common cause for this problem is that the editor was opened in the wrong working directory, for example if you use sbt then the workspace directory should contain build.sbt. 
2026.08.29 17:31:48 WARN  Build server is not auto-connectable.
Aug 29, 2026 5:40:42 PM org.eclipse.lsp4j.jsonrpc.services.GenericEndpoint notify
INFO: Unsupported notification method: $/setTrace
2026.08.29 21:20:42 INFO  Shutting down server
2026.08.29 21:20:42 INFO  Memory monitor stopped
2026.08.29 21:20:42 INFO  shutting down Metals
2026.08.29 21:20:42 INFO  Exiting server
2026.08.30 12:02:21 INFO  Started: Metals version 1.6.8 in folders 'C:\Users\Om Panchal\OneDrive\Pictures\ドキュメント\GitHub\75_DSA_Problems_solved' for client Visual Studio Code 1.135.0.
2026.08.30 12:02:21 INFO  Memory monitor started
2026.08.30 12:02:23 WARN  Using H2 2.4.240 which is newer than the version Flyway has been verified with. The latest verified version of H2 is 2.3.232.
2026.08.30 12:02:35 INFO  Running List(C:\Program Files\scala-cli-x86_64-pc-win32\scala-cli.EXE, setup-ide, C:\Users\Om Panchal\OneDrive\Pictures\ドキュメント\GitHub\75_DSA_Problems_solved)
2026.08.30 12:02:35 INFO  Scala CLI: Error: java.nio.file.InvalidPathException: Illegal char <?> at index 38: C:\Users\Om Panchal\OneDrive\Pictures\??????\GitHub\75_DSA_Problems_solved
2026.08.30 12:02:35 INFO  Scala CLI: For more details, please see 'C:\Users\Om Panchal\OneDrive\Pictures\ドキュメント\GitHub\75_DSA_Problems_solved\.scala-build\stacktraces\1788071555-6521148690162015621.log'
2026.08.30 12:02:35 WARN  no build tool detected in workspace 'C:\Users\Om Panchal\OneDrive\Pictures\ドキュメント\GitHub\75_DSA_Problems_solved'. The most common cause for this problem is that the editor was opened in the wrong working directory, for example if you use sbt then the workspace directory should contain build.sbt. 
2026.08.30 12:02:35 WARN  Build server is not auto-connectable.
Aug 30, 2026 12:07:40 PM org.eclipse.lsp4j.jsonrpc.services.GenericEndpoint notify
INFO: Unsupported notification method: $/setTrace
Aug 30, 2026 12:07:42 PM org.eclipse.lsp4j.jsonrpc.services.GenericEndpoint notify
INFO: Unsupported notification method: $/setTrace
2026.08.30 23:01:26 INFO  Shutting down server
2026.08.30 23:01:26 INFO  Memory monitor stopped
2026.08.30 23:01:26 INFO  shutting down Metals
2026.08.30 23:01:26 INFO  Exiting server
2026.08.31 02:23:19 INFO  Started: Metals version 1.6.8 in folders 'C:\Users\Om Panchal\OneDrive\Pictures\ドキュメント\GitHub\75_DSA_Problems_solved' for client Visual Studio Code 1.135.0.
2026.08.31 02:23:19 INFO  Memory monitor started
2026.08.31 02:23:26 WARN  Using H2 2.4.240 which is newer than the version Flyway has been verified with. The latest verified version of H2 is 2.3.232.
2026.08.31 02:23:30 INFO  Running List(C:\Program Files\scala-cli-x86_64-pc-win32\scala-cli.EXE, setup-ide, C:\Users\Om Panchal\OneDrive\Pictures\ドキュメント\GitHub\75_DSA_Problems_solved)
2026.08.31 02:23:30 INFO  Scala CLI: Error: java.nio.file.InvalidPathException: Illegal char <?> at index 38: C:\Users\Om Panchal\OneDrive\Pictures\??????\GitHub\75_DSA_Problems_solved
2026.08.31 02:23:30 INFO  Scala CLI: For more details, please see 'C:\Users\Om Panchal\OneDrive\Pictures\ドキュメント\GitHub\75_DSA_Problems_solved\.scala-build\stacktraces\1788123210-18335942354183315534.log'
2026.08.31 02:23:31 WARN  no build tool detected in workspace 'C:\Users\Om Panchal\OneDrive\Pictures\ドキュメント\GitHub\75_DSA_Problems_solved'. The most common cause for this problem is that the editor was opened in the wrong working directory, for example if you use sbt then the workspace directory should contain build.sbt. 
2026.08.31 02:23:31 WARN  Build server is not auto-connectable.
Aug 31, 2026 2:23:57 AM org.eclipse.lsp4j.jsonrpc.services.GenericEndpoint notify
INFO: Unsupported notification method: $/setTrace
Aug 31, 2026 2:23:58 AM org.eclipse.lsp4j.jsonrpc.services.GenericEndpoint notify
INFO: Unsupported notification method: $/setTrace
Aug 31, 2026 2:24:00 AM org.eclipse.lsp4j.jsonrpc.services.GenericEndpoint notify
INFO: Unsupported notification method: $/setTrace
2026.08.31 20:47:20 INFO  Shutting down server
2026.08.31 20:47:20 INFO  Memory monitor stopped
2026.08.31 20:47:20 INFO  shutting down Metals
2026.08.31 20:47:20 INFO  Exiting server
2026.09.06 21:24:22 INFO  Started: Metals version 1.6.8 in folders 'C:\Users\Om Panchal\OneDrive\Pictures\ドキュメント\GitHub\75_DSA_Problems_solved' for client Visual Studio Code 1.136.1.
2026.09.06 21:24:22 INFO  Memory monitor started
2026.09.06 21:24:25 WARN  Using H2 2.4.240 which is newer than the version Flyway has been verified with. The latest verified version of H2 is 2.3.232.
2026.09.06 21:24:27 INFO  Running List(C:\Program Files\scala-cli-x86_64-pc-win32\scala-cli.EXE, setup-ide, C:\Users\Om Panchal\OneDrive\Pictures\ドキュメント\GitHub\75_DSA_Problems_solved)
2026.09.06 21:24:28 INFO  Scala CLI: Error: java.nio.file.InvalidPathException: Illegal char <?> at index 38: C:\Users\Om Panchal\OneDrive\Pictures\??????\GitHub\75_DSA_Problems_solved
2026.09.06 21:24:28 INFO  Scala CLI: For more details, please see 'C:\Users\Om Panchal\OneDrive\Pictures\ドキュメント\GitHub\75_DSA_Problems_solved\.scala-build\stacktraces\1788710068-2809949712901610594.log'
2026.09.06 21:24:28 WARN  no build tool detected in workspace 'C:\Users\Om Panchal\OneDrive\Pictures\ドキュメント\GitHub\75_DSA_Problems_solved'. The most common cause for this problem is that the editor was opened in the wrong working directory, for example if you use sbt then the workspace directory should contain build.sbt. 
2026.09.06 21:24:27 WARN  Build server is not auto-connectable.
Sept 06, 2026 9:28:28 PM org.eclipse.lsp4j.jsonrpc.services.GenericEndpoint notify
INFO: Unsupported notification method: $/setTrace
2026.09.06 21:33:11 INFO  Shutting down server
2026.09.06 21:33:11 INFO  Memory monitor stopped
2026.09.06 21:33:11 INFO  shutting down Metals
2026.09.06 21:33:11 INFO  Exiting server
2026.09.07 14:02:44 INFO  Started: Metals version 1.6.8 in folders 'C:\Users\Om Panchal\OneDrive\Pictures\ドキュメント\GitHub\75_DSA_Problems_solved' for client Visual Studio Code 1.136.1.
2026.09.07 14:02:44 INFO  Memory monitor started
2026.09.07 14:02:47 WARN  Using H2 2.4.240 which is newer than the version Flyway has been verified with. The latest verified version of H2 is 2.3.232.
2026.09.07 14:02:50 INFO  Running List(C:\Program Files\scala-cli-x86_64-pc-win32\scala-cli.EXE, setup-ide, C:\Users\Om Panchal\OneDrive\Pictures\ドキュメント\GitHub\75_DSA_Problems_solved)
2026.09.07 14:02:50 INFO  Scala CLI: Error: java.nio.file.InvalidPathException: Illegal char <?> at index 38: C:\Users\Om Panchal\OneDrive\Pictures\??????\GitHub\75_DSA_Problems_solved
2026.09.07 14:02:50 INFO  Scala CLI: For more details, please see 'C:\Users\Om Panchal\OneDrive\Pictures\ドキュメント\GitHub\75_DSA_Problems_solved\.scala-build\stacktraces\1788769970-10941244096639266218.log'
2026.09.07 14:02:50 WARN  no build tool detected in workspace 'C:\Users\Om Panchal\OneDrive\Pictures\ドキュメント\GitHub\75_DSA_Problems_solved'. The most common cause for this problem is that the editor was opened in the wrong working directory, for example if you use sbt then the workspace directory should contain build.sbt. 
2026.09.07 14:02:50 WARN  Build server is not auto-connectable.
Sept 07, 2026 5:51:18 PM org.eclipse.lsp4j.jsonrpc.services.GenericEndpoint notify
INFO: Unsupported notification method: $/setTrace
Sept 07, 2026 5:51:20 PM org.eclipse.lsp4j.jsonrpc.services.GenericEndpoint notify
INFO: Unsupported notification method: $/setTrace
Sept 07, 2026 6:23:28 PM org.eclipse.lsp4j.jsonrpc.services.GenericEndpoint notify
INFO: Unsupported notification method: $/setTrace
Sept 09, 2026 6:02:20 PM org.eclipse.lsp4j.jsonrpc.services.GenericEndpoint notify
INFO: Unsupported notification method: $/setTrace
2026.09.09 18:07:37 INFO  Shutting down server
2026.09.09 18:07:37 INFO  Memory monitor stopped
2026.09.09 18:07:37 INFO  shutting down Metals
2026.09.09 18:07:37 INFO  Exiting server
2026.09.09 18:10:23 INFO  Started: Metals version 1.6.8 in folders 'C:\Users\Om Panchal\OneDrive\Pictures\ドキュメント\GitHub\75_DSA_Problems_solved' for client Visual Studio Code 1.136.2.
2026.09.09 18:10:23 INFO  Memory monitor started
2026.09.09 18:10:25 WARN  Using H2 2.4.240 which is newer than the version Flyway has been verified with. The latest verified version of H2 is 2.3.232.
2026.09.09 18:10:28 INFO  Running List(C:\Program Files\scala-cli-x86_64-pc-win32\scala-cli.EXE, setup-ide, C:\Users\Om Panchal\OneDrive\Pictures\ドキュメント\GitHub\75_DSA_Problems_solved)
2026.09.09 18:10:29 INFO  Scala CLI: Error: java.nio.file.InvalidPathException: Illegal char <?> at index 38: C:\Users\Om Panchal\OneDrive\Pictures\??????\GitHub\75_DSA_Problems_solved
2026.09.09 18:10:29 INFO  Scala CLI: For more details, please see 'C:\Users\Om Panchal\OneDrive\Pictures\ドキュメント\GitHub\75_DSA_Problems_solved\.scala-build\stacktraces\1788957629-5933032298275501087.log'
2026.09.09 18:10:32 WARN  no build tool detected in workspace 'C:\Users\Om Panchal\OneDrive\Pictures\ドキュメント\GitHub\75_DSA_Problems_solved'. The most common cause for this problem is that the editor was opened in the wrong working directory, for example if you use sbt then the workspace directory should contain build.sbt. 
2026.09.09 18:10:33 WARN  Build server is not auto-connectable.
Sept 09, 2026 6:13:19 PM org.eclipse.lsp4j.jsonrpc.services.GenericEndpoint notify
INFO: Unsupported notification method: $/setTrace
Sept 09, 2026 6:13:19 PM org.eclipse.lsp4j.jsonrpc.services.GenericEndpoint notify
INFO: Unsupported notification method: $/setTrace
Sept 09, 2026 6:13:19 PM org.eclipse.lsp4j.jsonrpc.services.GenericEndpoint notify
INFO: Unsupported notification method: $/setTrace
Sept 09, 2026 6:14:08 PM org.eclipse.lsp4j.jsonrpc.services.GenericEndpoint notify
INFO: Unsupported notification method: $/setTrace
Sept 09, 2026 6:14:08 PM org.eclipse.lsp4j.jsonrpc.services.GenericEndpoint notify
INFO: Unsupported notification method: $/setTrace
Sept 09, 2026 6:14:08 PM org.eclipse.lsp4j.jsonrpc.services.GenericEndpoint notify
INFO: Unsupported notification method: $/setTrace
Sept 09, 2026 6:14:09 PM org.eclipse.lsp4j.jsonrpc.services.GenericEndpoint notify
INFO: Unsupported notification method: $/setTrace
Sept 09, 2026 6:14:09 PM org.eclipse.lsp4j.jsonrpc.services.GenericEndpoint notify
INFO: Unsupported notification method: $/setTrace
2026.09.09 18:14:09 INFO  Shutting down server
2026.09.09 18:14:09 INFO  Memory monitor stopped
2026.09.09 18:14:09 INFO  shutting down Metals
2026.09.09 18:14:09 INFO  Exiting server
